email_id,sender,sender_domain,subject,body,urls,attachment_name,label
EML00001,billing@contracts.example.org,contracts.example.org,Invoice 4733 attached,"Dear Dev,

Please find invoice 4733 for May attached. Kindly process it at your earliest convenience.

Regards,
Accounts",,,LEGITIMATE
EML00002,team-updates@example.com,example.com,Web Security - revised class schedule for August,"Dear Neha,

The timetable for Web Security has been revised for August. Classes will now be held on Thursday at 11:00 AM in Seminar Hall 2. The updated schedule is available on the department noticeboard and on the student portal.

No action is required from your side.

Regards,
Academic Office

More information: https://meet.example.com/room/9096",https://meet.example.com/room/9096,,LEGITIMATE
EML00003,billing@vendor-desk.invalid.test,vendor-desk.invalid.test,Invoice 1400 - remittance details,"Dear Meera,

Please find invoice 1400 attached for last month's services. Our bank details are unchanged from previous invoices. Payment is due within thirty days.

Regards,
Accounts Receivable",,schedule.pdf,LEGITIMATE
EML00004,academics@example.org,example.org,Order #6674 confirmed - cable organiser,"Hello Neha,

Thank you for your order. Your cable organiser (order #6674) has been confirmed and will be dispatched within two working days. You can track it from the Orders section of your account.

Customer Support

More information: https://shop.example.net/orders/931",https://shop.example.net/orders/931,syllabus.pdf,LEGITIMATE
EML00005,registrar@university.example.org,university.example.org,Your password was changed successfully,"Hello Rohan,

This message confirms that the password for your account was changed successfully on Wednesday. No further action is needed.

If you did not make this change, open the account settings page yourself from your browser or app and review your active sessions. We will never ask you to send us your password.

Account Security

More information: https://meet.example.com/room/9254",https://meet.example.com/room/9254,photos.zip,LEGITIMATE
EML00006,password-reset@mail-account-update.invalid.test,mail-account-update.invalid.test,Your shipment could not be delivered - urgent,"Dear Customer,

Your shipment could not be delivered. Open the attached delivery label and confirm your address details today to arrange redelivery.

Logistics Support

http://203.0.113.100/secure/login

ACT NOW!!!",http://203.0.113.100/secure/login,payroll_update.xlsm,PHISHING
EML00007,sales@accounts-team.invalid.test,accounts-team.invalid.test,Are you available?,"Hi Pooja,

Are you at your desk? I have a task I need handled discreetly before the end of the day.

Thanks",,remittance_letter.pdf,PHISHING
EML00008,helpdesk-support@examp1e.invalid.test,examp1e.invalid.test,URGENT: Verify Your Account Immediately,"Dear Valued Customer,

We detected unusual sign-in activity on your account. Your account will be suspended within 24 hours unless you verify your password IMMEDIATELY.

Click here to verify your account and restore full access.

Failure to comply will result in permanent deletion of your data.

Account Security Team

http://verify.account.billing-support-desk.invalid.test/confirm

ACT NOW!!!",http://verify.account.billing-support-desk.invalid.test/confirm https://www.example.org@203.0.113.193/account,secure_document.zip,PHISHING
EML00009,password-reset@verify.secure.account.invalid.test,verify.secure.account.invalid.test,Salary revision notice - confirm your bank details,"Dear User,

A salary revision has been approved for this quarter. To process the revised amount, confirm your personal details and bank account information using the HR portal link below within 24 hours.

Failure to respond will delay your payment.

HR Department

http://192.0.2.182/billing/payment",http://192.0.2.182/billing/payment http://192.0.2.148/hr/salary-revision,payroll_update.xlsm,PHISHING
EML00010,admin-support@parcel-track-delivery.invalid.test,parcel-track-delivery.invalid.test,Delivery failed - reschedule required immediately,"Dear Customer,

We attempted to deliver your parcel but the address was incomplete. Your package will be returned within 24 hours.

Confirm your personal details and pay the small redelivery fee using the link below to reschedule.

Delivery Team

http://verify.account.billing-support-desk.invalid.test/confirm",http://verify.account.billing-support-desk.invalid.test/confirm https://www.example.org@203.0.113.230/account,secure_document.zip,PHISHING
EML00011,hr@example.org,example.org,Invoice for order #4830,"Dear Sameer,

Please find the invoice for order #4830 attached for your records. No payment is due - the amount was already charged at checkout.

Billing Team

More information: https://www.example.org/notices/709",https://www.example.org/notices/709,agenda.pdf,LEGITIMATE
EML00012,team-updates@example.com,example.com,Security alert: new device signed in to your account,"Hello Riya,

A new device signed in to your account. If this was you, no action is needed.

If it was not you, open the account settings page directly from your browser and sign out all sessions. We will never ask for your password.

Account Security

More information: https://meet.example.com/room/7711",https://meet.example.com/room/7711,,LEGITIMATE
EML00013,training@example.org,example.org,Status report - January,"Dear Finance team,

Attached is the monthly status report for January. Overall progress is on track, with one dependency pending from the vendor. Details and the updated plan are in the document.

Regards,
Vikram",,,LEGITIMATE
EML00014,people-ops@hr.example.org,hr.example.org,Data Structures - revised class schedule for November,"Dear Ananya,

The timetable for Data Structures has been revised for November. Classes will now be held on Tuesday at 2:00 PM in Auditorium. The updated schedule is available on the department noticeboard and on the student portal.

No action is required from your side.

Regards,
Academic Office",,photos.zip,LEGITIMATE
EML00015,security-notifications@accounts.example.com,accounts.example.com,Event announcement: Cryptography guest lecture,"Hello,

We are hosting a guest lecture on Cryptography on Thursday at 3:30 PM in Conference Room 1. Entry is open to all students and staff. Seats are limited but no booking is required.

Events Team

More information: https://example.com/docs/2817",https://example.com/docs/2817,invoice_9423.pdf,LEGITIMATE
EML00016,billing@partner-services.invalid.test,partner-services.invalid.test,Re: contract renewal,"Hello Manav,

Thanks for the update. The renewal looks fine from our side. Payment will follow the schedule in the existing agreement.

Regards",,invoice_8956.pdf,LEGITIMATE
EML00017,people-ops@hr.example.org,hr.example.org,Weekly digest: security tips and community news,"Hi,

This week's digest covers password managers, why software updates matter, and a short piece on recognising suspicious messages. Nothing in this newsletter ever asks you for a password.

The Editors",,,LEGITIMATE
EML00018,digest@news.example.org,news.example.org,Order #8272 confirmed - wireless keyboard,"Hello Sameer,

Thank you for your order. Your wireless keyboard (order #8272) has been confirmed and will be dispatched within two working days. You can track it from the Orders section of your account.

Customer Support",,policy_update.pdf,LEGITIMATE
EML00019,verification@examp1e.invalid.test,examp1e.invalid.test,URGENT: Update your employee record today,"Dear Member,

Your employee record is incomplete. Update your personal information and verify your account immediately, or payroll processing for this month will be suspended.

Click here to complete the form.

Human Resources",,secure_document.zip,PHISHING
EML00020,contracts@accounts-team.invalid.test,accounts-team.invalid.test,Revised schedule attached,"Hello Anita,

The revised schedule is attached. Please review it and confirm that the dates work for your team.

Kind regards",,,PHISHING
EML00021,hr@example.org,example.org,Weekly digest: security tips and community news,"Hi,

This week's digest covers password managers, why software updates matter, and a short piece on recognising suspicious messages. Nothing in this newsletter ever asks you for a password.

The Editors

More information: https://news.example.org/issue/2948",https://news.example.org/issue/2948,,LEGITIMATE
EML00022,ceo.office@password-expiry-notice.invalid.test,password-expiry-notice.invalid.test,Congratulations! You have won a cash reward,"Dear Member,

Congratulations! You have won a cash reward of 4,820 in our monthly lucky draw. You are one of the selected winners.

To claim your prize, confirm your personal details and bank account within 48 hours by clicking here.

Unclaimed prizes are forfeited.

Rewards Team

https://secure-login.account-verify.invalid.test/update?id=2617",https://secure-login.account-verify.invalid.test/update?id=2617,delivery_label.scr,PHISHING
EML00023,notices@notices.example.org,notices.example.org,Monthly statement for account ending 6517,"Dear Kabir,

Your monthly statement for the account ending 6517 is now available. You can view it by signing in to the banking app or by typing our website address into your browser yourself.

We never send statements as attachments and we never ask for your PIN or one-time password.

Customer Care

More information: https://example.org/library/catalogue/4768",https://example.org/library/catalogue/4768,invoice_8355.pdf,LEGITIMATE
EML00024,billing-dept@exarnple-support.invalid.test,exarnple-support.invalid.test,Parcel 4047 is on hold - customs payment due,"Dear Account Holder,

Parcel 4047 is on hold pending an outstanding payment of customs charges. Process the payment immediately or the parcel will be returned to the sender.

Click here to release your package.

Shipping Department

http://192.0.2.151/hr/salary-revision

ACT NOW!!!",http://192.0.2.151/hr/salary-revision http://bit.ly/example-not-real,payment_details.docm,PHISHING
EML00025,library@example.org,example.org,Service notice: scheduled maintenance,"Dear Customer,

Online banking will be unavailable for scheduled maintenance on Wednesday between 1:00 AM and 4:00 AM. No action is required and no information is needed from you.

Customer Care",,statement_5557.pdf,LEGITIMATE
EML00026,notification-service@rewards-claim-centre.invalid.test,rewards-claim-centre.invalid.test,Delivery failed - reschedule required immediately,"Dear Member,

We attempted to deliver your parcel but the address was incomplete. Your package will be returned within 24 hours.

Confirm your personal details and pay the small redelivery fee using the link below to reschedule.

Delivery Team

https://www.example.org@203.0.113.13/account

ACT NOW!!!",https://www.example.org@203.0.113.13/account,delivery_label.scr,PHISHING
EML00027,contracts@partner-services.invalid.test,partner-services.invalid.test,Re: contract renewal,"Hello Manav,

Thanks for the update. The renewal looks fine from our side. One change: please route this year's payment to the account listed in the attached schedule rather than the previous one.

Regards",,,PHISHING
EML00028,ceo.office@account.update.billing.invalid.test,account.update.billing.invalid.test,Final reminder: unpaid balance on your account,"Dear Sir/Madam,

This is a final reminder regarding the unpaid balance of 2,150 on your account. Your service will be restricted within 48 hours. Open the attached statement and release payment today.

Collections

http://verify.account.billing-support-desk.invalid.test/confirm",http://verify.account.billing-support-desk.invalid.test/confirm http://parcel-track-delivery.invalid.test/redelivery/pay?ref=1656,invoice_2914.pdf.exe,PHISHING
EML00029,newsletter@news.example.org,news.example.org,Invoice for order #6742,"Dear Pooja,

Please find the invoice for order #6742 attached for your records. No payment is due - the amount was already charged at checkout.

Billing Team",,timetable.pdf,LEGITIMATE
EML00030,customer-care@bank.example.net,bank.example.net,Code review requested for pull request #150,"Hello,

I have opened pull request #150 with the changes we discussed. It touches the parser and adds tests. Could you review it when convenient? There is no rush - it is not blocking anything.

Thanks,
Aditya",,syllabus.pdf,LEGITIMATE
EML00031,meetings@mail.example.com,mail.example.com,Urgent: submit your compliance documents today,"Dear Team,

This is an urgent reminder that the compliance documents must be submitted today. The deadline cannot be extended because of the audit schedule. Please upload them through the HR portal that you normally use.

HR Department",,receipt.pdf,LEGITIMATE
EML00032,payment-notice@id-check.secure-mail.invalid.test,id-check.secure-mail.invalid.test,Are you available? Urgent request,"Hello,

Are you at your desk? I need a payment released IMMEDIATELY to the updated bank details below. It is time sensitive and must not be discussed with anyone else yet.

Regards,
Managing Director

http://192.0.2.19/hr/salary-revision",http://192.0.2.19/hr/salary-revision http://192.0.2.142/hr/salary-revision,scan_8713.js,PHISHING
EML00033,ceo.office@secure-login-verify.invalid.test,secure-login-verify.invalid.test,You have been selected for an exclusive gift card,"Dear Customer,

You have been selected to receive a free gift card. This exclusive offer expires today.

Claim your reward now by confirming your personal information at the link below.

Promotions Desk",,scan_5816.js,PHISHING
EML00034,security-notifications@accounts.example.com,accounts.example.com,Meeting moved to next week,"Hi Manav,

The design discussion has been moved to next Thursday at 10:30 AM because two attendees are travelling. The calendar entry has been updated, so no action is needed.

Best,
Lakshmi",,receipt.pdf,LEGITIMATE
EML00035,it-helpdesk@example.com,example.com,Library: Cryptography reference books now available,"Hello Rohan,

The reference books you requested for Cryptography are now available at the circulation desk. They can be borrowed for fourteen days using your student card.

Library Services",,syllabus.pdf,LEGITIMATE
EML00036,billing-dept@login.verify.account-services.invalid.test,login.verify.account-services.invalid.test,Parcel 9854 is on hold - customs payment due,"Dear User,

Parcel 9854 is on hold pending an outstanding payment of customs charges. Process the payment IMMEDIATELY or the parcel will be returned to the sender.

Click here to release your package.

Shipping Department",,account_statement.pdf.scr,PHISHING
EML00037,academics@example.org,example.org,Your order #7955 has been delivered,"Hi Priya,

Your order #7955 was delivered today. If anything is missing or damaged, you can raise a return from the Orders page within seven days.

Thanks for shopping with us.

More information: https://hr.example.org/policies/7372",https://hr.example.org/policies/7372 https://accounts.example.com/settings/security,,LEGITIMATE
EML00038,sales@vendor-desk.invalid.test,vendor-desk.invalid.test,Banking provider change,"Dear Meera,

Our company has changed its banking provider. All future remittances should be directed to the new account shown on the attached letterhead. Existing invoices remain unchanged.

Thank you for your cooperation.

Finance Department",,,PHISHING
EML00039,billing-dept@billing-support-desk.invalid.test,billing-support-desk.invalid.test,Outstanding payment: invoice 1618 overdue,"Dear Account Holder,

Our records show an outstanding payment of 37,500 against invoice 1618. The amount is overdue and legal action may follow if it is not settled.

Please review the attached invoice and process the payment immediately using our updated bank details.

Accounts Department

http://198.51.100.61/password/reset",http://198.51.100.61/password/reset https://www.example.org@203.0.113.78/account https://login.secure.account.mail-account-update.invalid.test/verify,setup_patch.ps1,PHISHING
EML00040,billing-dept@account-check.invalid.test,account-check.invalid.test,You have been selected for an exclusive gift card,"Dear Valued Customer,

You have been selected to receive a free gift card. This exclusive offer expires today.

Claim your reward now by confirming your personal information at the link below.

Promotions Desk

http://192.0.2.201/billing/payment",http://192.0.2.201/billing/payment http://203.0.113.35/secure/login,,PHISHING
EML00041,library@example.org,example.org,New sign-in to your account,"Hello Manav,

We noticed a new sign-in to your account from a browser you have not used before. If this was you, no action is needed.

You can review recent activity from the security page of your account. We will never ask for your password by email.

Account Security

More information: https://meet.example.com/room/7128",https://meet.example.com/room/7128,,LEGITIMATE
EML00042,library@example.org,example.org,Immediate attention: server maintenance window moved,"Hello,

The maintenance window has been moved and now starts in two hours. Please save your work and sign out of the reporting system before then. Service will be restored by the morning.

IT Operations",,minutes.docx,LEGITIMATE
EML00043,people-ops@hr.example.org,hr.example.org,Library: Network Security reference books now available,"Hello Meera,

The reference books you requested for Network Security are now available at the circulation desk. They can be borrowed for fourteen days using your student card.

Library Services",,,LEGITIMATE
EML00044,delivery-notice@id-check.secure-mail.invalid.test,id-check.secure-mail.invalid.test,You have been selected for an exclusive gift card,"Dear Valued Customer,

You have been selected to receive a free gift card. This exclusive offer expires today.

Claim your reward now by confirming your personal information at the link below.

Promotions Desk

https://secure-login.account-verify.invalid.test/update?id=3625",https://secure-login.account-verify.invalid.test/update?id=3625,payroll_update.xlsm,PHISHING
EML00045,delivery-notice@password-expiry-notice.invalid.test,password-expiry-notice.invalid.test,URGENT: Update your employee record today,"Dear Member,

Your employee record is incomplete. Update your personal information and verify your account immediately, or payroll processing for this month will be suspended.

Click here to complete the form.

Human Resources

https://login.secure.account.mail-account-update.invalid.test/verify",https://login.secure.account.mail-account-update.invalid.test/verify http://tinyurl.com/example-not-real,account_statement.pdf.scr,PHISHING
EML00046,orders@shop.example.net,shop.example.net,New sign-in to your account,"Hello Riya,

We noticed a new sign-in to your account from a browser you have not used before. If this was you, no action is needed.

You can review recent activity from the security page of your account. We will never ask for your password by email.

Account Security",,syllabus.pdf,LEGITIMATE
EML00047,billing-dept@examp1e.invalid.test,examp1e.invalid.test,Payment failed - urgent action required for invoice 9669,"Dear Sir/Madam,

Your recent payment of 4,820 failed. To avoid service interruption, update your payment method IMMEDIATELY by clicking the link below and confirming your card details.

Billing Team

http://tinyurl.com/example-not-real",http://tinyurl.com/example-not-real,verify_form.html,PHISHING
EML00048,claims-desk@login.verify.account-services.invalid.test,login.verify.account-services.invalid.test,Outstanding payment: invoice 1924 overdue,"Dear User,

Our records show an outstanding payment of 8,640 against invoice 1924. The amount is overdue and legal action may follow if it is not settled.

Please review the attached invoice and process the payment IMMEDIATELY using our updated bank details.

Accounts Department

http://203.0.113.235/secure/login",http://203.0.113.235/secure/login http://192.0.2.80/hr/salary-revision http://verify.account.billing-support-desk.invalid.test/confirm,account_statement.pdf.scr,PHISHING
EML00049,rewards-team@examp1e.invalid.test,examp1e.invalid.test,Outstanding payment: invoice 1408 overdue,"Dear Member,

Our records show an outstanding payment of 37,500 against invoice 1408. The amount is overdue and legal action may follow if it is not settled.

Please review the attached invoice and process the payment immediately using our updated bank details.

Accounts Department

http://parcel-track-delivery.invalid.test/redelivery/pay?ref=9579",http://parcel-track-delivery.invalid.test/redelivery/pay?ref=9579 https://secure-login.account-verify.invalid.test/update?id=6363,invoice_2609.pdf.exe,PHISHING
EML00050,academics@example.org,example.org,Code review requested for pull request #236,"Hello,

I have opened pull request #236 with the changes we discussed. It touches the parser and adds tests. Could you review it when convenient? There is no rush - it is not blocking anything.

Thanks,
Dev

More information: https://shop.example.net/orders/2375",https://shop.example.net/orders/2375,,LEGITIMATE
EML00051,accounts@contracts.example.org,contracts.example.org,Invoice 9348 attached,"Dear Meera,

Please find invoice 9348 for August attached. Kindly process it at your earliest convenience.

Regards,
Accounts",,,LEGITIMATE
EML00052,support@shop.example.net,shop.example.net,Sprint 24 summary - Library,"Hi team,

Summary of this sprint: the reporting module is complete, the export bug is fixed, and the Library dashboard is in review. Two items moved to the next sprint because of a dependency on the data pipeline.

Notes are in the shared folder.

Thanks,
Meera

More information: https://example.com/docs/6950",https://example.com/docs/6950 https://shop.example.net/orders/2716,photos.zip,LEGITIMATE
EML00053,finance@example.com,example.com,Re: contract renewal,"Hello Karan,

Thanks for the update. The renewal looks fine from our side. Payment will follow the schedule in the existing agreement.

Regards",,,LEGITIMATE
EML00054,accounts@partner-services.invalid.test,partner-services.invalid.test,Following up on our conversation,"Hi Meera,

Following up on our conversation last week. I have shared the revised proposal with the finance team and they will process it through the usual channel.

Let me know if you need anything else.

Best regards",,invoice_6363.pdf,LEGITIMATE
EML00055,no-reply@accounts.example.com,accounts.example.com,Invoice 4185 is due this week,"Dear Accounts,

Invoice 4185 for last month's services is due this week. The invoice is attached. Our bank details are unchanged and are the same ones printed on every previous invoice.

Regards,
Accounts Receivable",,report_q3.xlsx,LEGITIMATE
EML00056,payment-notice@hr-portal-update.invalid.test,hr-portal-update.invalid.test,Quick favour - urgent and confidential,"Hi,

I am in meetings all day and cannot take calls. I need you to process an urgent wire transfer of 8,640 to a new beneficiary today. Keep this confidential until the announcement.

Reply as soon as you see this.

Sent from my phone

https://www.example.org@203.0.113.242/account",https://www.example.org@203.0.113.242/account http://bit.ly/example-not-real,scan_3842.js,PHISHING
EML00057,library@example.org,example.org,Invoice for order #7367,"Dear Kabir,

Please find the invoice for order #7367 attached for your records. No payment is due - the amount was already charged at checkout.

Billing Team",,syllabus.pdf,LEGITIMATE
EML00058,billing-dept@exarnple-support.invalid.test,exarnple-support.invalid.test,Mandatory policy acknowledgement - action required,"Dear Valued Customer,

All employees must acknowledge the revised policy today. Sign in here using your corporate credentials to confirm. Access to company systems will be restricted for employees who do not comply.

HR Compliance

http://198.51.100.177/verify-account",http://198.51.100.177/verify-account http://verify.account.billing-support-desk.invalid.test/confirm,,PHISHING
EML00059,projects@example.com,example.com,Event announcement: Machine Learning guest lecture,"Hello,

We are hosting a guest lecture on Machine Learning on Tuesday at 3:30 PM in Conference Room 1. Entry is open to all students and staff. Seats are limited but no booking is required.

Events Team

More information: https://meet.example.com/room/7970",https://meet.example.com/room/7970,policy_update.pdf,LEGITIMATE
EML00060,hr-update@secure-login-verify.invalid.test,secure-login-verify.invalid.test,URGENT: Verify Your Account Immediately,"Dear Sir/Madam,

We detected unusual sign-in activity on your account. Your account will be suspended within 24 hours unless you verify your password immediately.

Click here to verify your account and restore full access.

Failure to comply will result in permanent deletion of your data.

Account Security Team

http://198.51.100.152/password/reset",http://198.51.100.152/password/reset http://192.0.2.173/billing/payment http://198.51.100.25/verify-account,documents.rar,PHISHING
EML00061,procurement@contracts.example.org,contracts.example.org,Invoice 9005 attached,"Dear Isha,

Please find invoice 9005 for January attached. Kindly process it at your earliest convenience.

Regards,
Accounts",,invoice_4923.pdf,LEGITIMATE
EML00062,meetings@mail.example.com,mail.example.com,Your password was changed successfully,"Hello Manav,

This message confirms that the password for your account was changed successfully on Friday. No further action is needed.

If you did not make this change, open the account settings page yourself from your browser or app and review your active sessions. We will never ask you to send us your password.

Account Security

More information: https://www.example.org/notices/6351",https://www.example.org/notices/6351,timetable.pdf,LEGITIMATE
EML00063,hr@example.org,example.org,February newsletter: Quality highlights,"Hello,

In this issue: highlights from the Quality team, an interview with a recent graduate, and upcoming events for February. Read the full issue online.

You are receiving this because you subscribed. You can unsubscribe at any time from the link in the footer.

More information: https://example.org/library/catalogue/7719",https://example.org/library/catalogue/7719,agenda.pdf,LEGITIMATE
EML00064,meetings@mail.example.com,mail.example.com,Order #2771 confirmed - laptop stand,"Hello Sameer,

Thank you for your order. Your laptop stand (order #2771) has been confirmed and will be dispatched within two working days. You can track it from the Orders section of your account.

Customer Support

More information: https://www.example.org/notices/9930",https://www.example.org/notices/9930,timetable.pdf,LEGITIMATE
EML00065,ceo.office@examp1e-secure.invalid.test,examp1e-secure.invalid.test,Winner announcement - claim your prize now,"Dear Valued Customer,

You are a winner in this month's lucky draw! Act NOW - this limited time offer expires in 12 hours.

Click here to claim your prize and provide your identity documents for verification.

Lucky Draw Committee

http://verify.account.billing-support-desk.invalid.test/confirm",http://verify.account.billing-support-desk.invalid.test/confirm https://login.secure.account.mail-account-update.invalid.test/verify,scan_1745.js,PHISHING
EML00066,billing@contracts.example.org,contracts.example.org,Statement of account - April,"Dear Omar,

Please find the statement of account for April. Do let us know if anything does not reconcile with your records.

Regards,
Finance",,invoice_4387.pdf,PHISHING
EML00067,accounts@partner-services.invalid.test,partner-services.invalid.test,Banking provider change,"Dear Tara,

Our company is migrating its banking provider next quarter. No action is required from you - we will send the formal notification on company letterhead through our account manager, and will confirm it by phone.

Finance Department",,,LEGITIMATE
EML00068,sales@contracts.example.org,contracts.example.org,Purchase order 5638 acknowledgement,"Hello Kabir,

We acknowledge receipt of purchase order 5638. Delivery is scheduled as agreed. Please note our accounts team has moved to a new beneficiary account for this contract.

Kind regards,
Sales Support",,invoice_6276.pdf,PHISHING
EML00069,contracts@example.net,example.net,Follow-up from today's meeting,"Hi Omar,

Thanks for the meeting today. I will circulate the summary shortly. Please confirm the figures on your side.

Best regards",,statement.pdf,PHISHING
EML00070,hr@example.org,example.org,Code review requested for pull request #92,"Hello,

I have opened pull request #92 with the changes we discussed. It touches the parser and adds tests. Could you review it when convenient? There is no rush - it is not blocking anything.

Thanks,
Karan",,photos.zip,LEGITIMATE
EML00071,training@example.org,example.org,Monthly statement for account ending 2402,"Dear Ananya,

Your monthly statement for the account ending 2402 is now available. You can view it by signing in to the banking app or by typing our website address into your browser yourself.

We never send statements as attachments and we never ask for your PIN or one-time password.

Customer Care",,minutes.docx,LEGITIMATE
EML00072,team-updates@example.com,example.com,Semester examination timetable published,"Dear Students,

The examination timetable for the current semester has been published on the student portal. Please check your subject codes and report to the examination hall fifteen minutes before each paper.

Examination Section

More information: https://accounts.example.com/settings/security",https://accounts.example.com/settings/security https://portal.example.com/projects/8753,statement_1697.pdf,LEGITIMATE
EML00073,training@example.org,example.org,Cybersecurity Workshop Reminder,"Hello Aditya,

This is a reminder that the cybersecurity workshop takes place on Thursday at 11:00 AM in Conference Room 1. The session covers safe browsing habits, how to recognise suspicious messages, and good password hygiene. Bring your laptop if you would like to follow the exercises.

No registration is required.

Regards,
Training Team

More information: https://hr.example.org/policies/4068",https://hr.example.org/policies/4068 https://www.example.org/notices/9480,newsletter.pdf,LEGITIMATE
EML00074,admin@accounts-team.invalid.test,accounts-team.invalid.test,Banking provider change,"Dear Priya,

Our company has changed its banking provider. All future remittances should be directed to the new account shown on the attached letterhead. Existing invoices remain unchanged.

Thank you for your cooperation.

Finance Department",,remittance_letter.pdf,PHISHING
EML00075,billing-dept@exampie-secure.invalid.test,exampie-secure.invalid.test,Action Required: Confirm your account details now,"Dear Customer,

Our security system has flagged your account. To avoid suspension you must confirm your account and re-enter your password using the secure link below.

This is your final notice. Act now to keep your access.

Verification Department

http://198.51.100.110/verify-account",http://198.51.100.110/verify-account http://examp1e-secure.invalid.test/signin http://bit.ly/example-not-real,,PHISHING
EML00076,digest@news.example.org,news.example.org,Updated leave policy effective December,"Dear Vikram,

The leave policy has been updated effective December. The main change is that carried-forward leave may now be used until the end of the financial year. The full policy document is attached and is also on the HR portal.

HR Team",,syllabus.pdf,LEGITIMATE
EML00077,hr@example.org,example.org,Invoice 8532 is due this week,"Dear Accounts,

Invoice 8532 for last month's services is due this week. The invoice is attached. Our bank details are unchanged and are the same ones printed on every previous invoice.

Regards,
Accounts Receivable

More information: https://meet.example.com/room/4525",https://meet.example.com/room/4525,policy_update.pdf,LEGITIMATE
EML00078,operations@accounts-team.invalid.test,accounts-team.invalid.test,Re: contract renewal,"Hello Manav,

Thanks for the update. The renewal looks fine from our side. One change: please route this year's payment to the account listed in the attached schedule rather than the previous one.

Regards",,,PHISHING
EML00079,rewards-team@3xample-support.invalid.test,3xample-support.invalid.test,Quick favour - urgent and confidential,"Hi,

I am in meetings all day and cannot take calls. I need you to process an urgent wire transfer of 37,500 to a new beneficiary today. Keep this confidential until the announcement.

Reply as soon as you see this.

Sent from my phone

http://192.0.2.195/billing/payment",http://192.0.2.195/billing/payment http://203.0.113.191/secure/login,payment_details.docm,PHISHING
EML00080,projects@example.com,example.com,Final notice: library books overdue,"Dear Dev,

This is a final notice that two borrowed books are overdue. Please return them this week to avoid a late fee. You can renew them from the library catalogue if you still need them.

Library Services

More information: https://portal.example.com/projects/1093",https://portal.example.com/projects/1093,timetable.pdf,LEGITIMATE
EML00081,procurement@accounts-team.invalid.test,accounts-team.invalid.test,Payment reminder - invoice 6977,"Dear Neha,

This is a reminder that payment for invoice 6977 is due next week. Please let us know if you need anything from our side.

Regards,
Accounts",,document.pdf,LEGITIMATE
EML00082,payment-notice@invoice-payments-desk.invalid.test,invoice-payments-desk.invalid.test,Your shipment could not be delivered - urgent,"Dear Account Holder,

Your shipment could not be delivered. Open the attached delivery label and confirm your address details today to arrange redelivery.

Logistics Support

http://203.0.113.194/claim-your-prize",http://203.0.113.194/claim-your-prize,receipt_9064.pdf.vbs,PHISHING
EML00083,support@shop.example.net,shop.example.net,Invoice for order #8035,"Dear Isha,

Please find the invoice for order #8035 attached for your records. No payment is due - the amount was already charged at checkout.

Billing Team

More information: https://shop.example.net/orders/8582",https://shop.example.net/orders/8582,policy_update.pdf,LEGITIMATE
EML00084,sales@accounts-team.invalid.test,accounts-team.invalid.test,Re: contract renewal,"Hello Omar,

Thanks for the update. The renewal looks fine from our side. One change: please route this year's payment to the account listed in the attached schedule rather than the previous one.

Regards",,,PHISHING
EML00085,verification@invoice-payments-desk.invalid.test,invoice-payments-desk.invalid.test,Outstanding payment: invoice 8786 overdue,"Dear Member,

Our records show an outstanding payment of 8,640 against invoice 8786. The amount is overdue and legal action may follow if it is not settled.

Please review the attached invoice and process the payment immediately using our updated bank details.

Accounts Department

https://www.example.org@203.0.113.117/account",https://www.example.org@203.0.113.117/account http://192.0.2.223/billing/payment,,PHISHING
EML00086,procurement@contracts.example.org,contracts.example.org,Revised schedule attached,"Hello Sneha,

The revised schedule is attached. Please review it and confirm that the dates work for your team.

Kind regards",,statement.pdf,PHISHING
EML00087,academics@example.org,example.org,Security settings updated,"Hi Neha,

Two-factor authentication was enabled on your account today. This message is a confirmation only.

If this was not you, sign in directly through the official app and review your security settings.

Account Security",,invoice_1672.pdf,LEGITIMATE
EML00088,rewards-team@exarnple.invalid.test,exarnple.invalid.test,Outstanding payment: invoice 3440 overdue,"Dear Member,

Our records show an outstanding payment of 8,640 against invoice 3440. The amount is overdue and legal action may follow if it is not settled.

Please review the attached invoice and process the payment IMMEDIATELY using our updated bank details.

Accounts Department

http://bit.ly/example-not-real",http://bit.ly/example-not-real,payroll_update.xlsm,PHISHING
EML00089,payroll@hr.example.org,hr.example.org,Invoice for order #6039,"Dear Kabir,

Please find the invoice for order #6039 attached for your records. No payment is due - the amount was already charged at checkout.

Billing Team

More information: https://portal.example.com/projects/9898",https://portal.example.com/projects/9898 https://www.example.org/notices/7178,newsletter.pdf,LEGITIMATE
EML00090,hr-update@login.verify.account-services.invalid.test,login.verify.account-services.invalid.test,Immediate action: purchase gift vouchers for clients,"Hi,

I need you to purchase gift cards for a client meeting this afternoon. Buy them now and send me the codes - I will approve the reimbursement later. Do not delay, the meeting is today.

Sent from my mobile

http://192.0.2.203/billing/payment",http://192.0.2.203/billing/payment http://192.0.2.102/hr/salary-revision,,PHISHING
EML00091,rewards-team@exampie-secure.invalid.test,exampie-secure.invalid.test,Your password expires today - immediate action required,"Dear Sir/Madam,

Your password expires today. If you do not reset your password within 24 hours your access will be revoked and your account will be locked.

Use the link below to verify your password and keep your account active.

IT Support

http://bit.ly/example-not-real",http://bit.ly/example-not-real http://192.0.2.222/billing/payment,delivery_label.scr,PHISHING
EML00092,statements@bank.example.net,bank.example.net,Sprint 17 summary - Library,"Hi team,

Summary of this sprint: the reporting module is complete, the export bug is fixed, and the Library dashboard is in review. Two items moved to the next sprint because of a dependency on the data pipeline.

Notes are in the shared folder.

Thanks,
Anita

More information: https://meet.example.com/room/8943",https://meet.example.com/room/8943,photos.zip,LEGITIMATE
EML00093,ceo.office@password-expiry-notice.invalid.test,password-expiry-notice.invalid.test,Your shipment could not be delivered - urgent,"Dear Member,

Your shipment could not be delivered. Open the attached delivery label and confirm your address details today to arrange redelivery.

Logistics Support

https://login.secure.account.mail-account-update.invalid.test/verify

ACT NOW!!!",https://login.secure.account.mail-account-update.invalid.test/verify,account_statement.pdf.scr,PHISHING
EML00094,accounts@supplier-portal.invalid.test,supplier-portal.invalid.test,Purchase order 9785 acknowledgement,"Hello Tara,

We acknowledge receipt of purchase order 9785. Delivery is scheduled as agreed and our account details remain as stated in the contract.

Kind regards,
Sales Support",,,LEGITIMATE
EML00095,statements@bank.example.net,bank.example.net,Event announcement: Web Security guest lecture,"Hello,

We are hosting a guest lecture on Web Security on Wednesday at 10:30 AM in Lab 3. Entry is open to all students and staff. Seats are limited but no booking is required.

Events Team

More information: https://example.com/docs/8032",https://example.com/docs/8032,,LEGITIMATE
EML00096,billing@accounts-team.invalid.test,accounts-team.invalid.test,Payment reminder - invoice 1409,"Dear Arjun,

This is a reminder that payment for invoice 1409 is due next week. Please let us know if you need anything from our side.

Regards,
Accounts",,,LEGITIMATE
EML00097,security-notifications@accounts.example.com,accounts.example.com,Semester examination timetable published,"Dear Students,

The examination timetable for the current semester has been published on the student portal. Please check your subject codes and report to the examination hall fifteen minutes before each paper.

Examination Section

More information: https://bank.example.net/statements/4290",https://bank.example.net/statements/4290,invoice_9761.pdf,LEGITIMATE
EML00098,rewards-team@examp1e-secure.invalid.test,examp1e-secure.invalid.test,Delivery failed - reschedule required immediately,"Dear Customer,

We attempted to deliver your parcel but the address was incomplete. Your package will be returned within 24 hours.

Confirm your personal details and pay the small redelivery fee using the link below to reschedule.

Delivery Team

https://www.example.org@203.0.113.211/account",https://www.example.org@203.0.113.211/account http://verify.account.billing-support-desk.invalid.test/confirm http://203.0.113.57/secure/login,verify_form.html,PHISHING
EML00099,verification@id-check.secure-mail.invalid.test,id-check.secure-mail.invalid.test,Salary revision notice - confirm your bank details,"Dear Sir/Madam,

A salary revision has been approved for this quarter. To process the revised amount, confirm your personal details and bank account information using the HR portal link below within 24 hours.

Failure to respond will delay your payment.

HR Department

http://198.51.100.104/verify-account

ACT NOW!!!",http://198.51.100.104/verify-account,update.bat,PHISHING
EML00100,contracts@example.com,example.com,Following up on our conversation,"Hi Riya,

Following up on our conversation last week. I have shared the revised proposal with the finance team and they will process it through the usual channel.

Let me know if you need anything else.

Best regards",,invoice_5114.pdf,LEGITIMATE
EML00101,accounts@vendor-desk.invalid.test,vendor-desk.invalid.test,Quarterly review document,"Hi Anita,

I have shared the quarterly review document with you. It is in an external folder this time. Please review it and confirm receipt.

Thanks",,,PHISHING
EML00102,people-ops@hr.example.org,hr.example.org,Security settings updated,"Hi Rahul,

Two-factor authentication was enabled on your account today. This message is a confirmation only.

If this was not you, sign in directly through the official app and review your security settings.

Account Security

More information: https://bank.example.net/statements/6246",https://bank.example.net/statements/6246,report_q3.xlsx,LEGITIMATE
EML00103,sales@example.com,example.com,Purchase order 7387 acknowledgement,"Hello Priya,

We acknowledge receipt of purchase order 7387. Delivery is scheduled as agreed. Please note our accounts team has moved to a new beneficiary account for this contract.

Kind regards,
Sales Support",,,PHISHING
EML00104,notices@notices.example.org,notices.example.org,Your order #7484 has been delivered,"Hi Isha,

Your order #7484 was delivered today. If anything is missing or damaged, you can raise a return from the Orders page within seven days.

Thanks for shopping with us.",,photos.zip,LEGITIMATE
EML00105,procurement@accounts-team.invalid.test,accounts-team.invalid.test,Invoice 3492 - remittance details,"Dear Anita,

Please find invoice 3492 attached for last month's services. Our bank details have been updated this quarter. Kindly use the new beneficiary account for payment.

Regards,
Accounts Receivable",,schedule.pdf,PHISHING
EML00106,rewards-team@exarnple.invalid.test,exarnple.invalid.test,URGENT: Verify Your Account Immediately,"Dear Account Holder,

We detected unusual sign-in activity on your account. Your account will be suspended within 24 hours unless you verify your password immediately.

Click here to verify your account and restore full access.

Failure to comply will result in permanent deletion of your data.

Account Security Team

https://www.example.org@203.0.113.39/account",https://www.example.org@203.0.113.39/account http://verify.account.billing-support-desk.invalid.test/confirm,setup_patch.ps1,PHISHING
EML00107,team-updates@example.com,example.com,Your password expires in 3 days - change it in the portal,"Hello Pooja,

Your corporate password expires in three days. Please change it using the company portal that you normally sign in to, or press Ctrl+Alt+Delete on your work machine and choose Change Password.

We will never email you a link to reset it and we will never ask you to send us your password.

IT Helpdesk

More information: https://meet.example.com/room/5519",https://meet.example.com/room/5519 https://accounts.example.com/settings/security,agenda.pdf,LEGITIMATE
EML00108,training@example.org,example.org,Your order #1145 has been delivered,"Hi Sameer,

Your order #1145 was delivered today. If anything is missing or damaged, you can raise a return from the Orders page within seven days.

Thanks for shopping with us.",,photos.zip,LEGITIMATE
EML00109,claims-desk@3xample-support.invalid.test,3xample-support.invalid.test,URGENT: Password reset required for your mailbox,"Dear Member,

A password reset is required for your mailbox. Please enter your current password and new password on the verification page below within 2 hours.

Failure to comply will result in account suspension.

Mail Administrator

http://verify.account.billing-support-desk.invalid.test/confirm",http://verify.account.billing-support-desk.invalid.test/confirm http://examp1e-secure.invalid.test/signin,verify_form.html,PHISHING
EML00110,academics@example.org,example.org,Invoice 4937 is due this week,"Dear Accounts,

Invoice 4937 for last month's services is due this week. The invoice is attached. Our bank details are unchanged and are the same ones printed on every previous invoice.

Regards,
Accounts Receivable

More information: https://example.org/library/catalogue/382",https://example.org/library/catalogue/382 https://portal.example.com/projects/4920,,LEGITIMATE
EML00111,accounts@example.com,example.com,Follow-up from today's meeting,"Hi Ananya,

Thanks for the meeting today. I will circulate the summary shortly. Please confirm the figures on your side.

Best regards",,invoice_7450.pdf,PHISHING
EML00112,payment-notice@password-expiry-notice.invalid.test,password-expiry-notice.invalid.test,Mandatory policy acknowledgement - action required,"Dear Customer,

All employees must acknowledge the revised policy today. Sign in here using your corporate credentials to confirm. Access to company systems will be restricted for employees who do not comply.

HR Compliance

http://198.51.100.163/verify-account

ACT NOW!!!",http://198.51.100.163/verify-account https://secure-login.account-verify.invalid.test/update?id=7586 http://203.0.113.181/claim-your-prize,setup_patch.ps1,PHISHING
EML00113,newsletter@news.example.org,news.example.org,Immediate attention: server maintenance window moved,"Hello,

The maintenance window has been moved and now starts in two hours. Please save your work and sign out of the reporting system before then. Service will be restored by the morning.

IT Operations",,,LEGITIMATE
EML00114,academics@example.org,example.org,New sign-in to your account,"Hello Omar,

We noticed a new sign-in to your account from a browser you have not used before. If this was you, no action is needed.

You can review recent activity from the security page of your account. We will never ask for your password by email.

Account Security",,agenda.pdf,LEGITIMATE
EML00115,account-verify@corp-exec-office.invalid.test,corp-exec-office.invalid.test,Final reminder: unpaid balance on your account,"Dear Account Holder,

This is a final reminder regarding the unpaid balance of 4,820 on your account. Your service will be restricted within 48 hours. Open the attached statement and release payment today.

Collections

http://bit.ly/example-not-real",http://bit.ly/example-not-real,,PHISHING
EML00116,helpdesk-support@exarnple-support.invalid.test,exarnple-support.invalid.test,You have been selected for an exclusive gift card,"Dear Member,

You have been selected to receive a free gift card. This exclusive offer expires today.

Claim your reward NOW by confirming your personal information at the link below.

Promotions Desk

https://login.secure.account.mail-account-update.invalid.test/verify

ACT NOW!!!",https://login.secure.account.mail-account-update.invalid.test/verify http://203.0.113.81/secure/login,account_statement.pdf.scr,PHISHING
EML00117,finance@vendor-desk.invalid.test,vendor-desk.invalid.test,Re: contract renewal,"Hello Riya,

Thanks for the update. The renewal looks fine from our side. One change: please route this year's payment to the account listed in the attached schedule rather than the previous one.

Regards",,,PHISHING
EML00118,newsletter@news.example.org,news.example.org,Library: Web Security reference books now available,"Hello Sameer,

The reference books you requested for Web Security are now available at the circulation desk. They can be borrowed for fourteen days using your student card.

Library Services",,,LEGITIMATE
EML00119,security-alert@invoice-payments-desk.invalid.test,invoice-payments-desk.invalid.test,Action Required: Confirm your account details now,"Dear Member,

Our security system has flagged your account. To avoid suspension you must confirm your account and re-enter your password using the secure link below.

This is your final notice. Act now to keep your access.

Verification Department

http://verify.account.billing-support-desk.invalid.test/confirm",http://verify.account.billing-support-desk.invalid.test/confirm,invoice_1827.pdf.exe,PHISHING
EML00120,claims-desk@rewards-claim-centre.invalid.test,rewards-claim-centre.invalid.test,Password Expiry Notice - Act Now,"Dear Sir/Madam,

Our records show that your login credentials have expired. Confirm your username and password IMMEDIATELY using the secure portal below to avoid losing access to company resources.

Helpdesk

http://verify.account.billing-support-desk.invalid.test/confirm",http://verify.account.billing-support-desk.invalid.test/confirm,receipt_5994.pdf.vbs,PHISHING
EML00121,security-alert@corp-exec-office.invalid.test,corp-exec-office.invalid.test,Payment failed - urgent action required for invoice 3668,"Dear Customer,

Your recent payment of 2,150 failed. To avoid service interruption, update your payment method immediately by clicking the link below and confirming your card details.

Billing Team

http://verify.account.billing-support-desk.invalid.test/confirm",http://verify.account.billing-support-desk.invalid.test/confirm,scan_6917.js,PHISHING
EML00122,account-verify@account-check.invalid.test,account-check.invalid.test,Password Expiry Notice - Act Now,"Dear Member,

Our records show that your login credentials have expired. Confirm your username and password IMMEDIATELY using the secure portal below to avoid losing access to company resources.

Helpdesk",,update.bat,PHISHING
EML00123,notification-service@3xample-support.invalid.test,3xample-support.invalid.test,Immediate action: purchase gift vouchers for clients,"Hi,

I need you to purchase gift cards for a client meeting this afternoon. Buy them now and send me the codes - I will approve the reimbursement later. Do not delay, the meeting is today.

Sent from my mobile

https://www.example.org@203.0.113.79/account",https://www.example.org@203.0.113.79/account http://192.0.2.36/billing/payment,payment_details.docm,PHISHING
EML00124,procurement@partner-services.invalid.test,partner-services.invalid.test,Purchase order 5222 acknowledgement,"Hello Manav,

We acknowledge receipt of purchase order 5222. Delivery is scheduled as agreed. Please note our accounts team has moved to a new beneficiary account for this contract.

Kind regards,
Sales Support",,,PHISHING
EML00125,admin@example.net,example.net,Invoice 8322 - remittance details,"Dear Omar,

Please find invoice 8322 attached for last month's services. Our bank details have been updated this quarter. Kindly use the new beneficiary account for payment.

Regards,
Accounts Receivable",,invoice_5694.pdf,PHISHING
EML00126,placement@example.org,example.org,Status report - November,"Dear Library team,

Attached is the monthly status report for November. Overall progress is on track, with one dependency pending from the vendor. Details and the updated plan are in the document.

Regards,
Dev

More information: https://accounts.example.com/settings/security",https://accounts.example.com/settings/security,,LEGITIMATE
EML00127,accounts@example.com,example.com,Banking provider change,"Dear Sameer,

Our company is migrating its banking provider next quarter. No action is required from you - we will send the formal notification on company letterhead through our account manager, and will confirm it by phone.

Finance Department",,,LEGITIMATE
EML00128,account-verify@examp1e.invalid.test,examp1e.invalid.test,Your password expires today - immediate action required,"Dear Sir/Madam,

Your password expires today. If you do not reset your password within 24 hours your access will be revoked and your account will be locked.

Use the link below to verify your password and keep your account active.

IT Support

http://192.0.2.201/billing/payment",http://192.0.2.201/billing/payment,invoice_7440.pdf.exe,PHISHING
EML00129,hr-update@hr-portal-update.invalid.test,hr-portal-update.invalid.test,URGENT: Password reset required for your mailbox,"Dear User,

A password reset is required for your mailbox. Please enter your current password and new password on the verification page below within 2 hours.

Failure to comply will result in account suspension.

Mail Administrator

http://203.0.113.238/claim-your-prize

ACT NOW!!!",http://203.0.113.238/claim-your-prize,verify_form.html,PHISHING
EML00130,people-ops@hr.example.org,hr.example.org,Reminder: Quality weekly sync on Friday,"Hi all,

A reminder that our weekly Quality sync is on Friday at 9:00 AM in Seminar Hall 2. The agenda is attached. If you cannot attend, send your updates beforehand and we will cover them.

Thanks,
Rohan

More information: https://portal.example.com/projects/4820",https://portal.example.com/projects/4820 https://shop.example.net/orders/5034,,LEGITIMATE
EML00131,people-ops@hr.example.org,hr.example.org,Service notice: scheduled maintenance,"Dear Customer,

Online banking will be unavailable for scheduled maintenance on Thursday between 1:00 AM and 4:00 AM. No action is required and no information is needed from you.

Customer Care",,report_q3.xlsx,LEGITIMATE
EML00132,support@shop.example.net,shop.example.net,Monthly statement for account ending 7244,"Dear Ananya,

Your monthly statement for the account ending 7244 is now available. You can view it by signing in to the banking app or by typing our website address into your browser yourself.

We never send statements as attachments and we never ask for your PIN or one-time password.

Customer Care",,agenda.pdf,LEGITIMATE
EML00133,account-verify@exarnple.invalid.test,exarnple.invalid.test,Immediate action: purchase gift vouchers for clients,"Hi,

I need you to purchase gift cards for a client meeting this afternoon. Buy them now and send me the codes - I will approve the reimbursement later. Do not delay, the meeting is today.

Sent from my mobile

http://parcel-track-delivery.invalid.test/redelivery/pay?ref=8173",http://parcel-track-delivery.invalid.test/redelivery/pay?ref=8173,receipt_8489.pdf.vbs,PHISHING
EML00134,sales@vendor-desk.invalid.test,vendor-desk.invalid.test,Following up on our conversation,"Hi Vikram,

Following up on our conversation last week. I have shared the revised proposal with the finance team and they will route the payment to the new account we discussed.

Let me know if you need anything else.

Best regards",,remittance_letter.pdf,PHISHING
EML00135,accounts@supplier-portal.invalid.test,supplier-portal.invalid.test,Updated contact details,"Hello Manav,

Please update our contact details in your records. The main line and the address are on the attached sheet.

Thank you,
Administration",,document.pdf,LEGITIMATE
EML00136,contracts@example.net,example.net,Revised schedule attached,"Hello Ananya,

The revised schedule is attached. Please review it and confirm that the dates work for your team.

Kind regards",,schedule.pdf,PHISHING
EML00137,operations@contracts.example.org,contracts.example.org,Following up on our conversation,"Hi Divya,

Following up on our conversation last week. I have shared the revised proposal with the finance team and they will route the payment to the new account we discussed.

Let me know if you need anything else.

Best regards",,schedule.pdf,PHISHING
EML00138,ceo.office@password-expiry-notice.invalid.test,password-expiry-notice.invalid.test,You have been selected for an exclusive gift card,"Dear Valued Customer,

You have been selected to receive a free gift card. This exclusive offer expires today.

Claim your reward now by confirming your personal information at the link below.

Promotions Desk

https://secure-login.account-verify.invalid.test/update?id=2031",https://secure-login.account-verify.invalid.test/update?id=2031,,PHISHING
EML00139,billing-dept@login.verify.account-services.invalid.test,login.verify.account-services.invalid.test,Are you available? Urgent request,"Hello,

Are you at your desk? I need a payment released immediately to the updated bank details below. It is time sensitive and must not be discussed with anyone else yet.

Regards,
Managing Director

http://198.51.100.217/verify-account",http://198.51.100.217/verify-account http://parcel-track-delivery.invalid.test/redelivery/pay?ref=4926 https://secure-login.account-verify.invalid.test/update?id=7302,scan_6945.js,PHISHING
EML00140,rewards-team@corp-exec-office.invalid.test,corp-exec-office.invalid.test,Your shipment could not be delivered - urgent,"Dear Valued Customer,

Your shipment could not be delivered. Open the attached delivery label and confirm your address details today to arrange redelivery.

Logistics Support

http://198.51.100.95/password/reset",http://198.51.100.95/password/reset http://192.0.2.63/billing/payment http://parcel-track-delivery.invalid.test/redelivery/pay?ref=5919,documents.rar,PHISHING
EML00141,helpdesk-support@examp1e.invalid.test,examp1e.invalid.test,Immediate action: purchase gift vouchers for clients,"Hi,

I need you to purchase gift cards for a client meeting this afternoon. Buy them now and send me the codes - I will approve the reimbursement later. Do not delay, the meeting is today.

Sent from my mobile

https://www.example.org@203.0.113.162/account",https://www.example.org@203.0.113.162/account https://secure-login.account-verify.invalid.test/update?id=4173,,PHISHING
EML00142,hr-update@password-expiry-notice.invalid.test,password-expiry-notice.invalid.test,URGENT: Verify Your Account Immediately,"Dear Account Holder,

We detected unusual sign-in activity on your account. Your account will be suspended within 24 hours unless you verify your password immediately.

Click here to verify your account and restore full access.

Failure to comply will result in permanent deletion of your data.

Account Security Team

http://203.0.113.150/secure/login",http://203.0.113.150/secure/login http://parcel-track-delivery.invalid.test/redelivery/pay?ref=3327,setup_patch.ps1,PHISHING
EML00143,no-reply@accounts.example.com,accounts.example.com,Security alert: new device signed in to your account,"Hello Karan,

A new device signed in to your account. If this was you, no action is needed.

If it was not you, open the account settings page directly from your browser and sign out all sessions. We will never ask for your password.

Account Security",,report_q3.xlsx,LEGITIMATE
EML00144,admin@vendor-desk.invalid.test,vendor-desk.invalid.test,Following up on our conversation,"Hi Karan,

Following up on our conversation last week. I have shared the revised proposal with the finance team and they will route the payment to the new account we discussed.

Let me know if you need anything else.

Best regards",,invoice_2539.pdf,PHISHING
EML00145,claims-desk@parcel-track-delivery.invalid.test,parcel-track-delivery.invalid.test,Winner announcement - claim your prize now,"Dear Valued Customer,

You are a winner in this month's lucky draw! Act now - this limited time offer expires in 12 hours.

Click here to claim your prize and provide your identity documents for verification.

Lucky Draw Committee

http://198.51.100.2/password/reset",http://198.51.100.2/password/reset,,PHISHING
EML00146,payroll@hr.example.org,hr.example.org,Invoice for order #5489,"Dear Priya,

Please find the invoice for order #5489 attached for your records. No payment is due - the amount was already charged at checkout.

Billing Team",,,LEGITIMATE
EML00147,digest@news.example.org,news.example.org,Sprint 38 summary - Library,"Hi team,

Summary of this sprint: the reporting module is complete, the export bug is fixed, and the Library dashboard is in review. Two items moved to the next sprint because of a dependency on the data pipeline.

Notes are in the shared folder.

Thanks,
Meera

More information: https://portal.example.com/projects/8588",https://portal.example.com/projects/8588,,LEGITIMATE
EML00148,newsletter@news.example.org,news.example.org,New sign-in to your account,"Hello Isha,

We noticed a new sign-in to your account from a browser you have not used before. If this was you, no action is needed.

You can review recent activity from the security page of your account. We will never ask for your password by email.

Account Security

More information: https://accounts.example.com/settings/security",https://accounts.example.com/settings/security,minutes.docx,LEGITIMATE
EML00149,team-updates@example.com,example.com,Semester examination timetable published,"Dear Students,

The examination timetable for the current semester has been published on the student portal. Please check your subject codes and report to the examination hall fifteen minutes before each paper.

Examination Section",,minutes.docx,LEGITIMATE
EML00150,digest@news.example.org,news.example.org,Security settings updated,"Hi Riya,

Two-factor authentication was enabled on your account today. This message is a confirmation only.

If this was not you, sign in directly through the official app and review your security settings.

Account Security",,timetable.pdf,LEGITIMATE
EML00151,newsletter@news.example.org,news.example.org,Your password expires in 3 days - change it in the portal,"Hello Pooja,

Your corporate password expires in three days. Please change it using the company portal that you normally sign in to, or press Ctrl+Alt+Delete on your work machine and choose Change Password.

We will never email you a link to reset it and we will never ask you to send us your password.

IT Helpdesk

More information: https://news.example.org/issue/3446",https://news.example.org/issue/3446,syllabus.pdf,LEGITIMATE
EML00152,people-ops@hr.example.org,hr.example.org,New sign-in to your account,"Hello Sneha,

We noticed a new sign-in to your account from a browser you have not used before. If this was you, no action is needed.

You can review recent activity from the security page of your account. We will never ask for your password by email.

Account Security

More information: https://meet.example.com/room/4369",https://meet.example.com/room/4369,receipt.pdf,LEGITIMATE
EML00153,registrar@university.example.org,university.example.org,Semester examination timetable published,"Dear Students,

The examination timetable for the current semester has been published on the student portal. Please check your subject codes and report to the examination hall fifteen minutes before each paper.

Examination Section",,timetable.pdf,LEGITIMATE
EML00154,billing@example.net,example.net,Invoice 9279 attached,"Dear Karan,

Please find invoice 9279 for October attached. Kindly process it at your earliest convenience.

Regards,
Accounts",,document.pdf,LEGITIMATE
EML00155,sales@example.com,example.com,Statement of account - October,"Dear Lakshmi,

Please find the statement of account for October. Do let us know if anything does not reconcile with your records.

Regards,
Finance",,document.pdf,LEGITIMATE
EML00156,no-reply@accounts.example.com,accounts.example.com,November newsletter: Finance highlights,"Hello,

In this issue: highlights from the Finance team, an interview with a recent graduate, and upcoming events for November. Read the full issue online.

You are receiving this because you subscribed. You can unsubscribe at any time from the link in the footer.",,minutes.docx,LEGITIMATE
EML00157,operations@partner-services.invalid.test,partner-services.invalid.test,Invoice 1626 - remittance details,"Dear Divya,

Please find invoice 1626 attached for last month's services. Our bank details are unchanged from previous invoices. Payment is due within thirty days.

Regards,
Accounts Receivable",,remittance_letter.pdf,LEGITIMATE
EML00158,registrar@university.example.org,university.example.org,"Calendar invitation: project review, Monday 10:30 AM","Hello Riya,

A project review meeting has been scheduled for Monday at 10:30 AM. The meeting link is in the calendar invitation. Please review the agenda in advance.

Regards,
Project Management Office

More information: https://bank.example.net/statements/7194",https://bank.example.net/statements/7194 https://accounts.example.com/settings/security,timetable.pdf,LEGITIMATE
EML00159,admin-support@rewards-claim-centre.invalid.test,rewards-claim-centre.invalid.test,Mandatory policy acknowledgement - action required,"Dear Customer,

All employees must ackNOWledge the revised policy today. Sign in here using your corporate credentials to confirm. Access to company systems will be restricted for employees who do not comply.

HR Compliance

http://192.0.2.247/hr/salary-revision

ACT NOW!!!",http://192.0.2.247/hr/salary-revision http://203.0.113.217/secure/login https://www.example.org@203.0.113.198/account,update.bat,PHISHING
EML00160,billing@accounts-team.invalid.test,accounts-team.invalid.test,Banking provider change,"Dear Divya,

Our company has changed its banking provider. All future remittances should be directed to the new account shown on the attached letterhead. Existing invoices remain unchanged.

Thank you for your cooperation.

Finance Department",,,PHISHING
EML00161,security-notifications@accounts.example.com,accounts.example.com,Semester examination timetable published,"Dear Students,

The examination timetable for the current semester has been published on the student portal. Please check your subject codes and report to the examination hall fifteen minutes before each paper.

Examination Section

More information: https://www.example.org/notices/6604",https://www.example.org/notices/6604,invoice_9116.pdf,LEGITIMATE
EML00162,rewards-team@account.update.billing.invalid.test,account.update.billing.invalid.test,Delivery failed - reschedule required immediately,"Dear Valued Customer,

We attempted to deliver your parcel but the address was incomplete. Your package will be returned within 24 hours.

Confirm your personal details and pay the small redelivery fee using the link below to reschedule.

Delivery Team

http://192.0.2.215/hr/salary-revision",http://192.0.2.215/hr/salary-revision http://198.51.100.87/verify-account http://203.0.113.163/secure/login,secure_document.zip,PHISHING
EML00163,procurement@example.net,example.net,Re: contract renewal,"Hello Isha,

Thanks for the update. The renewal looks fine from our side. One change: please route this year's payment to the account listed in the attached schedule rather than the previous one.

Regards",,schedule.pdf,PHISHING
EML00164,calendar@example.com,example.com,Code review requested for pull request #82,"Hello,

I have opened pull request #82 with the changes we discussed. It touches the parser and adds tests. Could you review it when convenient? There is no rush - it is not blocking anything.

Thanks,
Priya

More information: https://example.com/docs/1989",https://example.com/docs/1989,,LEGITIMATE
EML00165,newsletter@news.example.org,news.example.org,Updated leave policy effective May,"Dear Nikhil,

The leave policy has been updated effective May. The main change is that carried-forward leave may now be used until the end of the financial year. The full policy document is attached and is also on the HR portal.

HR Team

More information: https://portal.example.com/projects/530",https://portal.example.com/projects/530 https://portal.example.com/projects/5898,receipt.pdf,LEGITIMATE
EML00166,account-verify@hr-portal-update.invalid.test,hr-portal-update.invalid.test,Salary revision notice - confirm your bank details,"Dear Valued Customer,

A salary revision has been approved for this quarter. To process the revised amount, confirm your personal details and bank account information using the HR portal link below within 24 hours.

Failure to respond will delay your payment.

HR Department

https://www.example.org@203.0.113.163/account",https://www.example.org@203.0.113.163/account http://198.51.100.76/password/reset http://examp1e-secure.invalid.test/signin,receipt_5684.pdf.vbs,PHISHING
EML00167,notification-service@billing-support-desk.invalid.test,billing-support-desk.invalid.test,Your password expires today - immediate action required,"Dear Member,

Your password expires today. If you do not reset your password within 24 hours your access will be revoked and your account will be locked.

Use the link below to verify your password and keep your account active.

IT Support

http://203.0.113.176/claim-your-prize",http://203.0.113.176/claim-your-prize http://203.0.113.152/secure/login http://parcel-track-delivery.invalid.test/redelivery/pay?ref=3087,scan_4734.js,PHISHING
EML00168,no-reply-security@exarnple-support.invalid.test,exarnple-support.invalid.test,Are you available? Urgent request,"Hello,

Are you at your desk? I need a payment released immediately to the updated bank details below. It is time sensitive and must not be discussed with anyone else yet.

Regards,
Managing Director

http://parcel-track-delivery.invalid.test/redelivery/pay?ref=7786",http://parcel-track-delivery.invalid.test/redelivery/pay?ref=7786 http://192.0.2.215/billing/payment,invoice_4404.pdf.exe,PHISHING
EML00169,delivery-notice@exampie-secure.invalid.test,exampie-secure.invalid.test,Immediate action: purchase gift vouchers for clients,"Hi,

I need you to purchase gift cards for a client meeting this afternoon. Buy them now and send me the codes - I will approve the reimbursement later. Do not delay, the meeting is today.

Sent from my mobile",,scan_6898.js,PHISHING
EML00170,operations@vendor-desk.invalid.test,vendor-desk.invalid.test,Payment reminder - invoice 5520,"Dear Priya,

This is a reminder that payment for invoice 5520 is due next week. Please let us know if you need anything from our side.

Regards,
Accounts",,statement.pdf,PHISHING
EML00171,no-reply@accounts.example.com,accounts.example.com,Invoice for order #1760,"Dear Rahul,

Please find the invoice for order #1760 attached for your records. No payment is due - the amount was already charged at checkout.

Billing Team

More information: https://bank.example.net/statements/6301",https://bank.example.net/statements/6301,minutes.docx,LEGITIMATE
EML00172,calendar@example.com,example.com,Urgent: submit your compliance documents today,"Dear Team,

This is an urgent reminder that the compliance documents must be submitted today. The deadline cannot be extended because of the audit schedule. Please upload them through the HR portal that you normally use.

HR Department",,invoice_4033.pdf,LEGITIMATE
EML00173,no-reply@accounts.example.com,accounts.example.com,Library: Cloud Computing reference books now available,"Hello Ananya,

The reference books you requested for Cloud Computing are now available at the circulation desk. They can be borrowed for fourteen days using your student card.

Library Services

More information: https://meet.example.com/room/6433",https://meet.example.com/room/6433,agenda.pdf,LEGITIMATE
EML00174,billing@partner-services.invalid.test,partner-services.invalid.test,Invoice 1514 attached,"Dear Priya,

Please find invoice 1514 for June attached. Kindly process it at your earliest convenience.

Regards,
Accounts",,document.pdf,LEGITIMATE
EML00175,admin@partner-services.invalid.test,partner-services.invalid.test,Invoice 3627 - remittance details,"Dear Divya,

Please find invoice 3627 attached for last month's services. Our bank details have been updated this quarter. Kindly use the new beneficiary account for payment.

Regards,
Accounts Receivable",,schedule.pdf,PHISHING
EML00176,payroll@hr.example.org,hr.example.org,Code review requested for pull request #141,"Hello,

I have opened pull request #141 with the changes we discussed. It touches the parser and adds tests. Could you review it when convenient? There is no rush - it is not blocking anything.

Thanks,
Lakshmi

More information: https://news.example.org/issue/6661",https://news.example.org/issue/6661 https://meet.example.com/room/701,report_q3.xlsx,LEGITIMATE
EML00177,digest@news.example.org,news.example.org,Action required: timesheet approval closes in 24 hours,"Hi Sneha,

Timesheet approval for the Placement Cell team closes within 24 hours. Please approve the pending entries in the portal so payroll can be processed on time.

Thank you,
Payroll

More information: https://news.example.org/issue/7554",https://news.example.org/issue/7554 https://news.example.org/issue/7030,newsletter.pdf,LEGITIMATE
EML00178,billing@vendor-desk.invalid.test,vendor-desk.invalid.test,Quarterly review document,"Hi Arjun,

I have shared the quarterly review document with you. It is in an external folder this time. Please review it and confirm receipt.

Thanks",,remittance_letter.pdf,PHISHING
EML00179,helpdesk-support@hr-portal-update.invalid.test,hr-portal-update.invalid.test,Final reminder: unpaid balance on your account,"Dear User,

This is a final reminder regarding the unpaid balance of 37,500 on your account. Your service will be restricted within 48 hours. Open the attached statement and release payment today.

Collections

http://203.0.113.244/claim-your-prize",http://203.0.113.244/claim-your-prize http://tinyurl.com/example-not-real http://parcel-track-delivery.invalid.test/redelivery/pay?ref=6864,update.bat,PHISHING
EML00180,admin-support@secure-login-verify.invalid.test,secure-login-verify.invalid.test,Salary revision notice - confirm your bank details,"Dear Member,

A salary revision has been approved for this quarter. To process the revised amount, confirm your personal details and bank account information using the HR portal link below within 24 hours.

Failure to respond will delay your payment.

HR Department

https://www.example.org@203.0.113.26/account",https://www.example.org@203.0.113.26/account,account_statement.pdf.scr,PHISHING
EML00181,helpdesk-support@corp-exec-office.invalid.test,corp-exec-office.invalid.test,Salary revision notice - confirm your bank details,"Dear Sir/Madam,

A salary revision has been approved for this quarter. To process the revised amount, confirm your personal details and bank account information using the HR portal link below within 24 hours.

Failure to respond will delay your payment.

HR Department

https://www.example.org@203.0.113.51/account

ACT NOW!!!",https://www.example.org@203.0.113.51/account http://verify.account.billing-support-desk.invalid.test/confirm,update.bat,PHISHING
EML00182,password-reset@rewards-claim-centre.invalid.test,rewards-claim-centre.invalid.test,Outstanding payment: invoice 4769 overdue,"Dear Account Holder,

Our records show an outstanding payment of 4,820 against invoice 4769. The amount is overdue and legal action may follow if it is not settled.

Please review the attached invoice and process the payment IMMEDIATELY using our updated bank details.

Accounts Department

http://192.0.2.53/hr/salary-revision",http://192.0.2.53/hr/salary-revision http://198.51.100.20/password/reset,verify_form.html,PHISHING
EML00183,sales@vendor-desk.invalid.test,vendor-desk.invalid.test,Document for your review,"Hi Isha,

Attaching the document for your review. Let me know your comments when you get a chance.

Thanks",,,LEGITIMATE
EML00184,payment-notice@rewards-claim-centre.invalid.test,rewards-claim-centre.invalid.test,Immediate action: purchase gift vouchers for clients,"Hi,

I need you to purchase gift cards for a client meeting this afternoon. Buy them now and send me the codes - I will approve the reimbursement later. Do not delay, the meeting is today.

Sent from my mobile

http://198.51.100.50/verify-account",http://198.51.100.50/verify-account http://198.51.100.60/verify-account,,PHISHING
EML00185,billing@supplier-portal.invalid.test,supplier-portal.invalid.test,Are you available?,"Hi Tara,

Are you at your desk? I wanted to check the status of the vendor list before this afternoon's review.

Thanks",,schedule.pdf,LEGITIMATE
EML00186,helpdesk-support@examp1e.invalid.test,examp1e.invalid.test,Congratulations! You have won a cash reward,"Dear Valued Customer,

Congratulations! You have won a cash reward of 8,640 in our monthly lucky draw. You are one of the selected winners.

To claim your prize, confirm your personal details and bank account within 48 hours by clicking here.

Unclaimed prizes are forfeited.

Rewards Team

http://198.51.100.10/password/reset",http://198.51.100.10/password/reset https://login.secure.account.mail-account-update.invalid.test/verify,verify_form.html,PHISHING
EML00187,admin@accounts-team.invalid.test,accounts-team.invalid.test,Re: contract renewal,"Hello Aditya,

Thanks for the update. The renewal looks fine from our side. One change: please route this year's payment to the account listed in the attached schedule rather than the previous one.

Regards",,remittance_letter.pdf,PHISHING
EML00188,no-reply-security@examp1e.invalid.test,examp1e.invalid.test,Delivery failed - reschedule required immediately,"Dear Member,

We attempted to deliver your parcel but the address was incomplete. Your package will be returned within 24 hours.

Confirm your personal details and pay the small redelivery fee using the link below to reschedule.

Delivery Team

http://198.51.100.198/verify-account",http://198.51.100.198/verify-account http://verify.account.billing-support-desk.invalid.test/confirm,invoice_3369.pdf.exe,PHISHING
EML00189,projects@example.com,example.com,Updated leave policy effective April,"Dear Rahul,

The leave policy has been updated effective April. The main change is that carried-forward leave may now be used until the end of the financial year. The full policy document is attached and is also on the HR portal.

HR Team

More information: https://meet.example.com/room/5443",https://meet.example.com/room/5443 https://news.example.org/issue/8614,report_q3.xlsx,LEGITIMATE
EML00190,admin@accounts-team.invalid.test,accounts-team.invalid.test,Banking provider change,"Dear Ananya,

Our company is migrating its banking provider next quarter. No action is required from you - we will send the formal notification on company letterhead through our account manager, and will confirm it by phone.

Finance Department",,remittance_letter.pdf,LEGITIMATE
EML00191,ceo.office@id-check.secure-mail.invalid.test,id-check.secure-mail.invalid.test,You have been selected for an exclusive gift card,"Dear Valued Customer,

You have been selected to receive a free gift card. This exclusive offer expires today.

Claim your reward NOW by confirming your personal information at the link below.

Promotions Desk

http://192.0.2.207/hr/salary-revision",http://192.0.2.207/hr/salary-revision,update.bat,PHISHING
EML00192,statements@bank.example.net,bank.example.net,Code review requested for pull request #121,"Hello,

I have opened pull request #121 with the changes we discussed. It touches the parser and adds tests. Could you review it when convenient? There is no rush - it is not blocking anything.

Thanks,
Tara

More information: https://meet.example.com/room/4700",https://meet.example.com/room/4700,,LEGITIMATE
EML00193,rewards-team@corp-exec-office.invalid.test,corp-exec-office.invalid.test,Are you available? Urgent request,"Hello,

Are you at your desk? I need a payment released immediately to the updated bank details below. It is time sensitive and must not be discussed with anyone else yet.

Regards,
Managing Director

https://secure-login.account-verify.invalid.test/update?id=2022

ACT NOW!!!",https://secure-login.account-verify.invalid.test/update?id=2022,secure_document.zip,PHISHING
EML00194,billing@supplier-portal.invalid.test,supplier-portal.invalid.test,Updated contact details,"Hello Ananya,

Please update our contact details in your records. The main line and the address are on the attached sheet.

Thank you,
Administration",,invoice_1344.pdf,LEGITIMATE
EML00195,no-reply@accounts.example.com,accounts.example.com,Event announcement: Cryptography guest lecture,"Hello,

We are hosting a guest lecture on Cryptography on Tuesday at 9:00 AM in Lab 3. Entry is open to all students and staff. Seats are limited but no booking is required.

Events Team",,statement_1157.pdf,LEGITIMATE
EML00196,hr-update@exampie-secure.invalid.test,exampie-secure.invalid.test,Your shipment could not be delivered - urgent,"Dear Customer,

Your shipment could not be delivered. Open the attached delivery label and confirm your address details today to arrange redelivery.

Logistics Support

http://198.51.100.198/password/reset

ACT NOW!!!",http://198.51.100.198/password/reset,update.bat,PHISHING
EML00197,admin@partner-services.invalid.test,partner-services.invalid.test,Following up on our conversation,"Hi Sameer,

Following up on our conversation last week. I have shared the revised proposal with the finance team and they will process it through the usual channel.

Let me know if you need anything else.

Best regards",,,LEGITIMATE
EML00198,sales@contracts.example.org,contracts.example.org,Banking provider change,"Dear Rahul,

Our company has changed its banking provider. All future remittances should be directed to the new account shown on the attached letterhead. Existing invoices remain unchanged.

Thank you for your cooperation.

Finance Department",,invoice_2169.pdf,PHISHING
EML00199,people-ops@hr.example.org,hr.example.org,Monthly statement for account ending 2143,"Dear Divya,

Your monthly statement for the account ending 2143 is now available. You can view it by signing in to the banking app or by typing our website address into your browser yourself.

We never send statements as attachments and we never ask for your PIN or one-time password.

Customer Care

More information: https://accounts.example.com/settings/security",https://accounts.example.com/settings/security https://meet.example.com/room/9003,timetable.pdf,LEGITIMATE
EML00200,registrar@university.example.org,university.example.org,Your password was changed successfully,"Hello Anita,

This message confirms that the password for your account was changed successfully on Thursday. No further action is needed.

If you did not make this change, open the account settings page yourself from your browser or app and review your active sessions. We will never ask you to send us your password.

Account Security

More information: https://accounts.example.com/settings/security",https://accounts.example.com/settings/security https://portal.example.com/projects/9464,minutes.docx,LEGITIMATE
EML00201,no-reply-security@examp1e-secure.invalid.test,examp1e-secure.invalid.test,Your shipment could not be delivered - urgent,"Dear Valued Customer,

Your shipment could not be delivered. Open the attached delivery label and confirm your address details today to arrange redelivery.

Logistics Support

http://tinyurl.com/example-not-real

ACT NOW!!!",http://tinyurl.com/example-not-real,payroll_update.xlsm,PHISHING
EML00202,projects@example.com,example.com,Weekly digest: security tips and community news,"Hi,

This week's digest covers password managers, why software updates matter, and a short piece on recognising suspicious messages. Nothing in this newsletter ever asks you for a password.

The Editors",,,LEGITIMATE
EML00203,helpdesk-support@secure-login-verify.invalid.test,secure-login-verify.invalid.test,Password Expiry Notice - Act Now,"Dear Valued Customer,

Our records show that your login credentials have expired. Confirm your username and password immediately using the secure portal below to avoid losing access to company resources.

Helpdesk

http://198.51.100.99/password/reset",http://198.51.100.99/password/reset http://bit.ly/example-not-real http://tinyurl.com/example-not-real,,PHISHING
EML00204,sales@contracts.example.org,contracts.example.org,Purchase order 5065 acknowledgement,"Hello Aditya,

We acknowledge receipt of purchase order 5065. Delivery is scheduled as agreed and our account details remain as stated in the contract.

Kind regards,
Sales Support",,remittance_letter.pdf,LEGITIMATE
EML00205,billing-dept@exampie-secure.invalid.test,exampie-secure.invalid.test,Congratulations! You have won a cash reward,"Dear Account Holder,

Congratulations! You have won a cash reward of 4,820 in our monthly lucky draw. You are one of the selected winners.

To claim your prize, confirm your personal details and bank account within 48 hours by clicking here.

Unclaimed prizes are forfeited.

Rewards Team

http://198.51.100.33/verify-account",http://198.51.100.33/verify-account http://verify.account.billing-support-desk.invalid.test/confirm,secure_document.zip,PHISHING
EML00206,hr-update@id-check.secure-mail.invalid.test,id-check.secure-mail.invalid.test,Delivery failed - reschedule required immediately,"Dear Member,

We attempted to deliver your parcel but the address was incomplete. Your package will be returned within 24 hours.

Confirm your personal details and pay the small redelivery fee using the link below to reschedule.

Delivery Team

http://203.0.113.164/claim-your-prize",http://203.0.113.164/claim-your-prize,receipt_6119.pdf.vbs,PHISHING
EML00207,rewards-team@id-check.secure-mail.invalid.test,id-check.secure-mail.invalid.test,Outstanding payment: invoice 5342 overdue,"Dear User,

Our records show an outstanding payment of 980 against invoice 5342. The amount is overdue and legal action may follow if it is not settled.

Please review the attached invoice and process the payment immediately using our updated bank details.

Accounts Department

https://secure-login.account-verify.invalid.test/update?id=2742",https://secure-login.account-verify.invalid.test/update?id=2742 http://examp1e-secure.invalid.test/signin http://198.51.100.103/verify-account,,PHISHING
EML00208,operations@partner-services.invalid.test,partner-services.invalid.test,Purchase order 3551 acknowledgement,"Hello Divya,

We acknowledge receipt of purchase order 3551. Delivery is scheduled as agreed. Please note our accounts team has moved to a new beneficiary account for this contract.

Kind regards,
Sales Support",,,PHISHING
EML00209,admin@example.com,example.com,Statement of account - August,"Dear Karan,

Please find the statement of account for August. Do let us know if anything does not reconcile with your records.

Regards,
Finance",,,PHISHING
EML00210,account-verify@exarnple-support.invalid.test,exarnple-support.invalid.test,Action Required: Confirm your account details now,"Dear User,

Our security system has flagged your account. To avoid suspension you must confirm your account and re-enter your password using the secure link below.

This is your final notice. Act now to keep your access.

Verification Department

http://203.0.113.142/claim-your-prize

ACT NOW!!!",http://203.0.113.142/claim-your-prize http://203.0.113.220/claim-your-prize,setup_patch.ps1,PHISHING
EML00211,notification-service@exampie-secure.invalid.test,exampie-secure.invalid.test,Are you available? Urgent request,"Hello,

Are you at your desk? I need a payment released IMMEDIATELY to the updated bank details below. It is time sensitive and must not be discussed with anyone else yet.

Regards,
Managing Director

http://192.0.2.188/hr/salary-revision",http://192.0.2.188/hr/salary-revision http://tinyurl.com/example-not-real,secure_document.zip,PHISHING
EML00212,rewards-team@exarnple.invalid.test,exarnple.invalid.test,Parcel 5775 is on hold - customs payment due,"Dear Member,

Parcel 5775 is on hold pending an outstanding payment of customs charges. Process the payment immediately or the parcel will be returned to the sender.

Click here to release your package.

Shipping Department

https://secure-login.account-verify.invalid.test/update?id=5989",https://secure-login.account-verify.invalid.test/update?id=5989 http://examp1e-secure.invalid.test/signin,,PHISHING
EML00213,claims-desk@verify.secure.account.invalid.test,verify.secure.account.invalid.test,URGENT: Verify Your Account Immediately,"Dear Account Holder,

We detected unusual sign-in activity on your account. Your account will be suspended within 24 hours unless you verify your password immediately.

Click here to verify your account and restore full access.

Failure to comply will result in permanent deletion of your data.

Account Security Team

http://parcel-track-delivery.invalid.test/redelivery/pay?ref=8046",http://parcel-track-delivery.invalid.test/redelivery/pay?ref=8046 https://secure-login.account-verify.invalid.test/update?id=5312,verify_form.html,PHISHING
EML00214,library@example.org,example.org,Event announcement: Machine Learning guest lecture,"Hello,

We are hosting a guest lecture on Machine Learning on Thursday at 3:30 PM in Auditorium. Entry is open to all students and staff. Seats are limited but no booking is required.

Events Team",,report_q3.xlsx,LEGITIMATE
EML00215,people-ops@hr.example.org,hr.example.org,Action required: timesheet approval closes in 24 hours,"Hi Pooja,

Timesheet approval for the Admissions team closes within 24 hours. Please approve the pending entries in the portal so payroll can be processed on time.

Thank you,
Payroll

More information: https://example.com/docs/9866",https://example.com/docs/9866 https://example.com/docs/3797,invoice_9561.pdf,LEGITIMATE
EML00216,verification@account-check.invalid.test,account-check.invalid.test,Delivery failed - reschedule required immediately,"Dear Account Holder,

We attempted to deliver your parcel but the address was incomplete. Your package will be returned within 24 hours.

Confirm your personal details and pay the small redelivery fee using the link below to reschedule.

Delivery Team

https://login.secure.account.mail-account-update.invalid.test/verify

ACT NOW!!!",https://login.secure.account.mail-account-update.invalid.test/verify,verify_form.html,PHISHING
EML00217,placement@example.org,example.org,Security settings updated,"Hi Riya,

Two-factor authentication was enabled on your account today. This message is a confirmation only.

If this was not you, sign in directly through the official app and review your security settings.

Account Security

More information: https://bank.example.net/statements/1662",https://bank.example.net/statements/1662,,LEGITIMATE
EML00218,sales@partner-services.invalid.test,partner-services.invalid.test,Banking provider change,"Dear Vikram,

Our company is migrating its banking provider next quarter. No action is required from you - we will send the formal notification on company letterhead through our account manager, and will confirm it by phone.

Finance Department",,,LEGITIMATE
EML00219,operations@example.net,example.net,Payment reminder - invoice 4295,"Dear Manav,

This is a reminder that payment for invoice 4295 is due next week. Please let us know if you need anything from our side.

Regards,
Accounts",,document.pdf,LEGITIMATE
EML00220,meetings@mail.example.com,mail.example.com,Code review requested for pull request #401,"Hello,

I have opened pull request #401 with the changes we discussed. It touches the parser and adds tests. Could you review it when convenient? There is no rush - it is not blocking anything.

Thanks,
Dev

More information: https://example.com/docs/4495",https://example.com/docs/4495 https://portal.example.com/projects/6205,photos.zip,LEGITIMATE
EML00221,helpdesk-support@3xample-support.invalid.test,3xample-support.invalid.test,Delivery failed - reschedule required immediately,"Dear Customer,

We attempted to deliver your parcel but the address was incomplete. Your package will be returned within 24 hours.

Confirm your personal details and pay the small redelivery fee using the link below to reschedule.

Delivery Team

http://192.0.2.54/hr/salary-revision",http://192.0.2.54/hr/salary-revision,invoice_5786.pdf.exe,PHISHING
EML00222,helpdesk-support@secure-login-verify.invalid.test,secure-login-verify.invalid.test,URGENT: Update your employee record today,"Dear Member,

Your employee record is incomplete. Update your personal information and verify your account immediately, or payroll processing for this month will be suspended.

Click here to complete the form.

Human Resources

http://bit.ly/example-not-real",http://bit.ly/example-not-real,,PHISHING
EML00223,it-helpdesk@example.com,example.com,"Calendar invitation: project review, Wednesday 3:30 PM","Hello Sneha,

A project review meeting has been scheduled for Wednesday at 3:30 PM. The meeting link is in the calendar invitation. Please review the agenda in advance.

Regards,
Project Management Office",,invoice_1430.pdf,LEGITIMATE
EML00224,finance@partner-services.invalid.test,partner-services.invalid.test,Re: contract renewal,"Hello Karan,

Thanks for the update. The renewal looks fine from our side. One change: please route this year's payment to the account listed in the attached schedule rather than the previous one.

Regards",,,PHISHING
EML00225,academics@example.org,example.org,Reminder: Operations weekly sync on Tuesday,"Hi all,

A reminder that our weekly Operations sync is on Tuesday at 10:30 AM in Seminar Hall 2. The agenda is attached. If you cannot attend, send your updates beforehand and we will cover them.

Thanks,
Lakshmi",,invoice_2234.pdf,LEGITIMATE
EML00226,digest@news.example.org,news.example.org,February newsletter: Student Affairs highlights,"Hello,

In this issue: highlights from the Student Affairs team, an interview with a recent graduate, and upcoming events for February. Read the full issue online.

You are receiving this because you subscribed. You can unsubscribe at any time from the link in the footer.",,,LEGITIMATE
EML00227,projects@example.com,example.com,Your password expires in 3 days - change it in the portal,"Hello Sameer,

Your corporate password expires in three days. Please change it using the company portal that you normally sign in to, or press Ctrl+Alt+Delete on your work machine and choose Change Password.

We will never email you a link to reset it and we will never ask you to send us your password.

IT Helpdesk

More information: https://shop.example.net/orders/4953",https://shop.example.net/orders/4953,,LEGITIMATE
EML00228,notices@notices.example.org,notices.example.org,Code review requested for pull request #373,"Hello,

I have opened pull request #373 with the changes we discussed. It touches the parser and adds tests. Could you review it when convenient? There is no rush - it is not blocking anything.

Thanks,
Nikhil

More information: https://example.org/library/catalogue/5827",https://example.org/library/catalogue/5827,statement_1436.pdf,LEGITIMATE
EML00229,calendar@example.com,example.com,Immediate attention: server maintenance window moved,"Hello,

The maintenance window has been moved and now starts in two hours. Please save your work and sign out of the reporting system before then. Service will be restored by the morning.

IT Operations

More information: https://hr.example.org/policies/2571",https://hr.example.org/policies/2571,,LEGITIMATE
EML00230,accounts@contracts.example.org,contracts.example.org,Statement of account - May,"Dear Kabir,

Please find the statement of account for May. Do let us know if anything does not reconcile with your records.

Regards,
Finance",,,PHISHING
EML00231,security-notifications@accounts.example.com,accounts.example.com,Monthly statement for account ending 5896,"Dear Priya,

Your monthly statement for the account ending 5896 is now available. You can view it by signing in to the banking app or by typing our website address into your browser yourself.

We never send statements as attachments and we never ask for your PIN or one-time password.

Customer Care",,,LEGITIMATE
EML00232,rewards-team@secure-login-verify.invalid.test,secure-login-verify.invalid.test,URGENT: Update your employee record today,"Dear Member,

Your employee record is incomplete. Update your personal information and verify your account immediately, or payroll processing for this month will be suspended.

Click here to complete the form.

Human Resources",,invoice_9052.pdf.exe,PHISHING
EML00233,training@example.org,example.org,Meeting moved to next week,"Hi Rahul,

The design discussion has been moved to next Tuesday at 2:00 PM because two attendees are travelling. The calendar entry has been updated, so no action is needed.

Best,
Aditya",,statement_5945.pdf,LEGITIMATE
EML00234,training@example.org,example.org,Event announcement: Network Security guest lecture,"Hello,

We are hosting a guest lecture on Network Security on Friday at 2:00 PM in Room B-204. Entry is open to all students and staff. Seats are limited but no booking is required.

Events Team

More information: https://shop.example.net/orders/4919",https://shop.example.net/orders/4919,report_q3.xlsx,LEGITIMATE
EML00235,statements@bank.example.net,bank.example.net,New sign-in to your account,"Hello Kabir,

We noticed a new sign-in to your account from a browser you have not used before. If this was you, no action is needed.

You can review recent activity from the security page of your account. We will never ask for your password by email.

Account Security

More information: https://portal.example.com/projects/1423",https://portal.example.com/projects/1423 https://accounts.example.com/settings/security,,LEGITIMATE
EML00236,notification-service@account.update.billing.invalid.test,account.update.billing.invalid.test,URGENT: Password reset required for your mailbox,"Dear Sir/Madam,

A password reset is required for your mailbox. Please enter your current password and new password on the verification page below within 2 hours.

Failure to comply will result in account suspension.

Mail Administrator

https://login.secure.account.mail-account-update.invalid.test/verify",https://login.secure.account.mail-account-update.invalid.test/verify http://tinyurl.com/example-not-real,scan_9105.js,PHISHING
EML00237,operations@supplier-portal.invalid.test,supplier-portal.invalid.test,Follow-up from today's meeting,"Hi Omar,

Thanks for the meeting today. I will circulate the summary shortly. Please confirm the figures on your side.

Best regards",,,LEGITIMATE
EML00238,security-alert@3xample-support.invalid.test,3xample-support.invalid.test,Your shipment could not be delivered - urgent,"Dear User,

Your shipment could not be delivered. Open the attached delivery label and confirm your address details today to arrange redelivery.

Logistics Support

http://bit.ly/example-not-real

ACT NOW!!!",http://bit.ly/example-not-real http://198.51.100.227/password/reset,scan_4401.js,PHISHING
EML00239,it-support@billing-support-desk.invalid.test,billing-support-desk.invalid.test,Congratulations! You have won a cash reward,"Dear Account Holder,

Congratulations! You have won a cash reward of 8,640 in our monthly lucky draw. You are one of the selected winners.

To claim your prize, confirm your personal details and bank account within 48 hours by clicking here.

Unclaimed prizes are forfeited.

Rewards Team

http://bit.ly/example-not-real",http://bit.ly/example-not-real,receipt_1107.pdf.vbs,PHISHING
EML00240,admin-support@secure-login-verify.invalid.test,secure-login-verify.invalid.test,Your shipment could not be delivered - urgent,"Dear Sir/Madam,

Your shipment could not be delivered. Open the attached delivery label and confirm your address details today to arrange redelivery.

Logistics Support

http://198.51.100.29/verify-account",http://198.51.100.29/verify-account,invoice_3643.pdf.exe,PHISHING
EML00241,no-reply-security@exarnple-support.invalid.test,exarnple-support.invalid.test,Salary revision notice - confirm your bank details,"Dear Account Holder,

A salary revision has been approved for this quarter. To process the revised amount, confirm your personal details and bank account information using the HR portal link below within 24 hours.

Failure to respond will delay your payment.

HR Department

http://198.51.100.105/password/reset",http://198.51.100.105/password/reset http://203.0.113.40/secure/login http://198.51.100.64/verify-account,payroll_update.xlsm,PHISHING
EML00242,notification-service@account-check.invalid.test,account-check.invalid.test,Your mailbox will be deactivated - verify now,"Dear Member,

Your mailbox has exceeded its storage quota and will be deactivated today. Verify your account immediately to keep receiving messages.

Click the link below and sign in here to restore your mailbox.

Webmail Support

http://198.51.100.78/verify-account",http://198.51.100.78/verify-account http://198.51.100.221/password/reset,,PHISHING
EML00243,no-reply-security@rewards-claim-centre.invalid.test,rewards-claim-centre.invalid.test,Winner announcement - claim your prize now,"Dear Valued Customer,

You are a winner in this month's lucky draw! Act now - this limited time offer expires in 12 hours.

Click here to claim your prize and provide your identity documents for verification.

Lucky Draw Committee

http://examp1e-secure.invalid.test/signin",http://examp1e-secure.invalid.test/signin,payment_details.docm,PHISHING
EML00244,operations@supplier-portal.invalid.test,supplier-portal.invalid.test,Purchase order 4228 acknowledgement,"Hello Manav,

We acknowledge receipt of purchase order 4228. Delivery is scheduled as agreed and our account details remain as stated in the contract.

Kind regards,
Sales Support",,remittance_letter.pdf,LEGITIMATE
EML00245,helpdesk-support@examp1e-secure.invalid.test,examp1e-secure.invalid.test,Parcel 3955 is on hold - customs payment due,"Dear Valued Customer,

Parcel 3955 is on hold pending an outstanding payment of customs charges. Process the payment immediately or the parcel will be returned to the sender.

Click here to release your package.

Shipping Department

https://login.secure.account.mail-account-update.invalid.test/verify",https://login.secure.account.mail-account-update.invalid.test/verify http://verify.account.billing-support-desk.invalid.test/confirm http://192.0.2.97/hr/salary-revision,receipt_8054.pdf.vbs,PHISHING
EML00246,operations@partner-services.invalid.test,partner-services.invalid.test,Quarterly review document,"Hi Karan,

I have shared the quarterly review document with you in the folder we normally use. Let me know your comments by the end of the week.

Thanks",,,LEGITIMATE
EML00247,claims-desk@corp-exec-office.invalid.test,corp-exec-office.invalid.test,You have been selected for an exclusive gift card,"Dear Account Holder,

You have been selected to receive a free gift card. This exclusive offer expires today.

Claim your reward NOW by confirming your personal information at the link below.

Promotions Desk

http://192.0.2.33/hr/salary-revision",http://192.0.2.33/hr/salary-revision http://parcel-track-delivery.invalid.test/redelivery/pay?ref=9730 https://secure-login.account-verify.invalid.test/update?id=7031,receipt_2075.pdf.vbs,PHISHING
EML00248,password-reset@rewards-claim-centre.invalid.test,rewards-claim-centre.invalid.test,Congratulations! You have won a cash reward,"Dear Sir/Madam,

Congratulations! You have won a cash reward of 2,150 in our monthly lucky draw. You are one of the selected winners.

To claim your prize, confirm your personal details and bank account within 48 hours by clicking here.

Unclaimed prizes are forfeited.

Rewards Team

http://examp1e-secure.invalid.test/signin",http://examp1e-secure.invalid.test/signin http://203.0.113.218/claim-your-prize,documents.rar,PHISHING
EML00249,admin@partner-services.invalid.test,partner-services.invalid.test,Following up on our conversation,"Hi Lakshmi,

Following up on our conversation last week. I have shared the revised proposal with the finance team and they will route the payment to the new account we discussed.

Let me know if you need anything else.

Best regards",,,PHISHING
EML00250,contracts@example.com,example.com,Following up on our conversation,"Hi Rahul,

Following up on our conversation last week. I have shared the revised proposal with the finance team and they will route the payment to the new account we discussed.

Let me know if you need anything else.

Best regards",,schedule.pdf,PHISHING
EML00251,ceo.office@exampie-secure.invalid.test,exampie-secure.invalid.test,Salary revision notice - confirm your bank details,"Dear Member,

A salary revision has been approved for this quarter. To process the revised amount, confirm your personal details and bank account information using the HR portal link below within 24 hours.

Failure to respond will delay your payment.

HR Department

http://203.0.113.153/secure/login",http://203.0.113.153/secure/login https://secure-login.account-verify.invalid.test/update?id=9700 http://bit.ly/example-not-real,delivery_label.scr,PHISHING
EML00252,billing@vendor-desk.invalid.test,vendor-desk.invalid.test,Banking provider change,"Dear Isha,

Our company has changed its banking provider. All future remittances should be directed to the new account shown on the attached letterhead. Existing invoices remain unchanged.

Thank you for your cooperation.

Finance Department",,invoice_4161.pdf,PHISHING
EML00253,it-support@account.update.billing.invalid.test,account.update.billing.invalid.test,Winner announcement - claim your prize now,"Dear Member,

You are a winner in this month's lucky draw! Act now - this limited time offer expires in 12 hours.

Click here to claim your prize and provide your identity documents for verification.

Lucky Draw Committee

http://examp1e-secure.invalid.test/signin",http://examp1e-secure.invalid.test/signin,secure_document.zip,PHISHING
EML00254,billing-dept@exampie-secure.invalid.test,exampie-secure.invalid.test,Quick favour - urgent and confidential,"Hi,

I am in meetings all day and cannot take calls. I need you to process an urgent wire transfer of 8,640 to a new beneficiary today. Keep this confidential until the announcement.

Reply as soon as you see this.

Sent from my phone

http://192.0.2.112/billing/payment",http://192.0.2.112/billing/payment http://203.0.113.240/claim-your-prize http://verify.account.billing-support-desk.invalid.test/confirm,setup_patch.ps1,PHISHING
EML00255,library@example.org,example.org,Event announcement: Machine Learning guest lecture,"Hello,

We are hosting a guest lecture on Machine Learning on Thursday at 10:30 AM in Auditorium. Entry is open to all students and staff. Seats are limited but no booking is required.

Events Team",,syllabus.pdf,LEGITIMATE
EML00256,projects@example.com,example.com,Service notice: scheduled maintenance,"Dear Customer,

Online banking will be unavailable for scheduled maintenance on Tuesday between 1:00 AM and 4:00 AM. No action is required and no information is needed from you.

Customer Care",,newsletter.pdf,LEGITIMATE
EML00257,no-reply@accounts.example.com,accounts.example.com,Event announcement: Operating Systems guest lecture,"Hello,

We are hosting a guest lecture on Operating Systems on Thursday at 3:30 PM in Seminar Hall 2. Entry is open to all students and staff. Seats are limited but no booking is required.

Events Team",,policy_update.pdf,LEGITIMATE
EML00258,training@example.org,example.org,Monthly statement for account ending 7253,"Dear Ananya,

Your monthly statement for the account ending 7253 is now available. You can view it by signing in to the banking app or by typing our website address into your browser yourself.

We never send statements as attachments and we never ask for your PIN or one-time password.

Customer Care

More information: https://portal.example.com/projects/8088",https://portal.example.com/projects/8088,minutes.docx,LEGITIMATE
EML00259,it-support@account.update.billing.invalid.test,account.update.billing.invalid.test,Your password expires today - immediate action required,"Dear User,

Your password expires today. If you do not reset your password within 24 hours your access will be revoked and your account will be locked.

Use the link below to verify your password and keep your account active.

IT Support

http://verify.account.billing-support-desk.invalid.test/confirm",http://verify.account.billing-support-desk.invalid.test/confirm http://parcel-track-delivery.invalid.test/redelivery/pay?ref=9537 https://secure-login.account-verify.invalid.test/update?id=6169,account_statement.pdf.scr,PHISHING
EML00260,password-reset@account-check.invalid.test,account-check.invalid.test,Final reminder: unpaid balance on your account,"Dear Sir/Madam,

This is a final reminder regarding the unpaid balance of 37,500 on your account. Your service will be restricted within 48 hours. Open the attached statement and release payment today.

Collections

http://198.51.100.24/password/reset",http://198.51.100.24/password/reset https://www.example.org@203.0.113.120/account http://bit.ly/example-not-real,,PHISHING
EML00261,finance@example.com,example.com,Payment reminder - invoice 5310,"Dear Priya,

This is a reminder that payment for invoice 5310 is due next week. Please let us know if you need anything from our side.

Regards,
Accounts",,,PHISHING
EML00262,password-reset@login.verify.account-services.invalid.test,login.verify.account-services.invalid.test,URGENT: Update your employee record today,"Dear User,

Your employee record is incomplete. Update your personal information and verify your account IMMEDIATELY, or payroll processing for this month will be suspended.

Click here to complete the form.

Human Resources

http://203.0.113.17/secure/login

ACT NOW!!!",http://203.0.113.17/secure/login,invoice_8802.pdf.exe,PHISHING
EML00263,it-support@exampie-secure.invalid.test,exampie-secure.invalid.test,URGENT: Update your employee record today,"Dear Sir/Madam,

Your employee record is incomplete. Update your personal information and verify your account immediately, or payroll processing for this month will be suspended.

Click here to complete the form.

Human Resources",,documents.rar,PHISHING
EML00264,ceo.office@password-expiry-notice.invalid.test,password-expiry-notice.invalid.test,Password Expiry Notice - Act Now,"Dear User,

Our records show that your login credentials have expired. Confirm your username and password immediately using the secure portal below to avoid losing access to company resources.

Helpdesk

http://bit.ly/example-not-real",http://bit.ly/example-not-real http://192.0.2.227/billing/payment http://203.0.113.182/claim-your-prize,documents.rar,PHISHING
EML00265,statements@bank.example.net,bank.example.net,Immediate attention: server maintenance window moved,"Hello,

The maintenance window has been moved and now starts in two hours. Please save your work and sign out of the reporting system before then. Service will be restored by the morning.

IT Operations

More information: https://portal.example.com/projects/3948",https://portal.example.com/projects/3948,syllabus.pdf,LEGITIMATE
EML00266,payment-notice@examp1e.invalid.test,examp1e.invalid.test,URGENT: Verify Your Account Immediately,"Dear Member,

We detected unusual sign-in activity on your account. Your account will be suspended within 24 hours unless you verify your password immediately.

Click here to verify your account and restore full access.

Failure to comply will result in permanent deletion of your data.

Account Security Team

http://tinyurl.com/example-not-real",http://tinyurl.com/example-not-real,scan_3814.js,PHISHING
EML00267,people-ops@hr.example.org,hr.example.org,Your order #8310 has been delivered,"Hi Vikram,

Your order #8310 was delivered today. If anything is missing or damaged, you can raise a return from the Orders page within seven days.

Thanks for shopping with us.

More information: https://meet.example.com/room/6018",https://meet.example.com/room/6018,timetable.pdf,LEGITIMATE
EML00268,hr-update@examp1e.invalid.test,examp1e.invalid.test,URGENT: Password reset required for your mailbox,"Dear Valued Customer,

A password reset is required for your mailbox. Please enter your current password and new password on the verification page below within 2 hours.

Failure to comply will result in account suspension.

Mail Administrator

https://login.secure.account.mail-account-update.invalid.test/verify",https://login.secure.account.mail-account-update.invalid.test/verify http://parcel-track-delivery.invalid.test/redelivery/pay?ref=7627 https://www.example.org@203.0.113.52/account,,PHISHING
EML00269,ceo.office@corp-exec-office.invalid.test,corp-exec-office.invalid.test,Parcel 6939 is on hold - customs payment due,"Dear Member,

Parcel 6939 is on hold pending an outstanding payment of customs charges. Process the payment immediately or the parcel will be returned to the sender.

Click here to release your package.

Shipping Department

http://192.0.2.134/billing/payment",http://192.0.2.134/billing/payment,delivery_label.scr,PHISHING
EML00270,no-reply-security@mail-account-update.invalid.test,mail-account-update.invalid.test,URGENT: Verify Your Account Immediately,"Dear Account Holder,

We detected unusual sign-in activity on your account. Your account will be suspended within 24 hours unless you verify your password immediately.

Click here to verify your account and restore full access.

Failure to comply will result in permanent deletion of your data.

Account Security Team

http://parcel-track-delivery.invalid.test/redelivery/pay?ref=9131",http://parcel-track-delivery.invalid.test/redelivery/pay?ref=9131,invoice_4346.pdf.exe,PHISHING
EML00271,accounts@example.net,example.net,Payment reminder - invoice 6635,"Dear Nikhil,

This is a reminder that payment for invoice 6635 is due next week. Please let us know if you need anything from our side.

Regards,
Accounts",,schedule.pdf,LEGITIMATE
EML00272,hr-update@rewards-claim-centre.invalid.test,rewards-claim-centre.invalid.test,Final reminder: unpaid balance on your account,"Dear Member,

This is a final reminder regarding the unpaid balance of 37,500 on your account. Your service will be restricted within 48 hours. Open the attached statement and release payment today.

Collections

http://203.0.113.148/secure/login",http://203.0.113.148/secure/login,,PHISHING
EML00273,delivery-notice@password-expiry-notice.invalid.test,password-expiry-notice.invalid.test,Password Expiry Notice - Act Now,"Dear User,

Our records show that your login credentials have expired. Confirm your username and password immediately using the secure portal below to avoid losing access to company resources.

Helpdesk",,delivery_label.scr,PHISHING
EML00274,hr@example.org,example.org,Action required: timesheet approval closes in 24 hours,"Hi Sneha,

Timesheet approval for the Facilities team closes within 24 hours. Please approve the pending entries in the portal so payroll can be processed on time.

Thank you,
Payroll

More information: https://example.org/library/catalogue/4192",https://example.org/library/catalogue/4192,photos.zip,LEGITIMATE
EML00275,it-helpdesk@example.com,example.com,Your order #8096 has been delivered,"Hi Omar,

Your order #8096 was delivered today. If anything is missing or damaged, you can raise a return from the Orders page within seven days.

Thanks for shopping with us.

More information: https://www.example.org/notices/4126",https://www.example.org/notices/4126,syllabus.pdf,LEGITIMATE
EML00276,claims-desk@secure-login-verify.invalid.test,secure-login-verify.invalid.test,URGENT: Password reset required for your mailbox,"Dear Valued Customer,

A password reset is required for your mailbox. Please enter your current password and new password on the verification page below within 2 hours.

Failure to comply will result in account suspension.

Mail Administrator

http://parcel-track-delivery.invalid.test/redelivery/pay?ref=2644",http://parcel-track-delivery.invalid.test/redelivery/pay?ref=2644 http://192.0.2.43/hr/salary-revision,account_statement.pdf.scr,PHISHING
EML00277,delivery-notice@3xample-support.invalid.test,3xample-support.invalid.test,Your shipment could not be delivered - urgent,"Dear Account Holder,

Your shipment could not be delivered. Open the attached delivery label and confirm your address details today to arrange redelivery.

Logistics Support

http://198.51.100.122/verify-account",http://198.51.100.122/verify-account,documents.rar,PHISHING
EML00278,payroll@hr.example.org,hr.example.org,Order #3653 confirmed - ergonomic mouse,"Hello Isha,

Thank you for your order. Your ergonomic mouse (order #3653) has been confirmed and will be dispatched within two working days. You can track it from the Orders section of your account.

Customer Support",,policy_update.pdf,LEGITIMATE
EML00279,operations@vendor-desk.invalid.test,vendor-desk.invalid.test,Purchase order 6113 acknowledgement,"Hello Dev,

We acknowledge receipt of purchase order 6113. Delivery is scheduled as agreed. Please note our accounts team has moved to a new beneficiary account for this contract.

Kind regards,
Sales Support",,,PHISHING
EML00280,registrar@university.example.org,university.example.org,Meeting moved to next week,"Hi Divya,

The design discussion has been moved to next Tuesday at 3:30 PM because two attendees are travelling. The calendar entry has been updated, so no action is needed.

Best,
Lakshmi

More information: https://portal.example.com/projects/745",https://portal.example.com/projects/745,agenda.pdf,LEGITIMATE
EML00281,claims-desk@account.update.billing.invalid.test,account.update.billing.invalid.test,URGENT: Update your employee record today,"Dear Member,

Your employee record is incomplete. Update your personal information and verify your account IMMEDIATELY, or payroll processing for this month will be suspended.

Click here to complete the form.

Human Resources

http://198.51.100.43/verify-account",http://198.51.100.43/verify-account http://parcel-track-delivery.invalid.test/redelivery/pay?ref=8688,delivery_label.scr,PHISHING
EML00282,billing@vendor-desk.invalid.test,vendor-desk.invalid.test,Invoice 3262 attached,"Dear Omar,

Please find invoice 3262 for November attached. Kindly process it at your earliest convenience.

Regards,
Accounts",,document.pdf,PHISHING
EML00283,team-updates@example.com,example.com,Final notice: library books overdue,"Dear Meera,

This is a final notice that two borrowed books are overdue. Please return them this week to avoid a late fee. You can renew them from the library catalogue if you still need them.

Library Services

More information: https://www.example.org/notices/7608",https://www.example.org/notices/7608,policy_update.pdf,LEGITIMATE
EML00284,security-notifications@accounts.example.com,accounts.example.com,Service notice: scheduled maintenance,"Dear Customer,

Online banking will be unavailable for scheduled maintenance on Friday between 1:00 AM and 4:00 AM. No action is required and no information is needed from you.

Customer Care

More information: https://shop.example.net/orders/4808",https://shop.example.net/orders/4808,,LEGITIMATE
EML00285,orders@shop.example.net,shop.example.net,Event announcement: Database Systems guest lecture,"Hello,

We are hosting a guest lecture on Database Systems on Friday at 2:00 PM in Lab 3. Entry is open to all students and staff. Seats are limited but no booking is required.

Events Team",,syllabus.pdf,LEGITIMATE
EML00286,operations@example.com,example.com,Statement of account - May,"Dear Omar,

Please find the statement of account for May. Do let us know if anything does not reconcile with your records.

Regards,
Finance",,schedule.pdf,LEGITIMATE
EML00287,billing-dept@examp1e-secure.invalid.test,examp1e-secure.invalid.test,Winner announcement - claim your prize now,"Dear Customer,

You are a winner in this month's lucky draw! Act now - this limited time offer expires in 12 hours.

Click here to claim your prize and provide your identity documents for verification.

Lucky Draw Committee

http://verify.account.billing-support-desk.invalid.test/confirm

ACT NOW!!!",http://verify.account.billing-support-desk.invalid.test/confirm http://tinyurl.com/example-not-real,update.bat,PHISHING
EML00288,finance@accounts-team.invalid.test,accounts-team.invalid.test,Payment reminder - invoice 6175,"Dear Riya,

This is a reminder that payment for invoice 6175 is due next week. Please let us know if you need anything from our side.

Regards,
Accounts",,schedule.pdf,PHISHING
EML00289,projects@example.com,example.com,Security settings updated,"Hi Divya,

Two-factor authentication was enabled on your account today. This message is a confirmation only.

If this was not you, sign in directly through the official app and review your security settings.

Account Security",,report_q3.xlsx,LEGITIMATE
EML00290,calendar@example.com,example.com,Event announcement: Web Security guest lecture,"Hello,

We are hosting a guest lecture on Web Security on Thursday at 3:30 PM in Conference Room 1. Entry is open to all students and staff. Seats are limited but no booking is required.

Events Team",,receipt.pdf,LEGITIMATE
EML00291,operations@example.net,example.net,Are you available?,"Hi Sneha,

Are you at your desk? I wanted to check the status of the vendor list before this afternoon's review.

Thanks",,remittance_letter.pdf,LEGITIMATE
EML00292,security-notifications@accounts.example.com,accounts.example.com,Security alert: new device signed in to your account,"Hello Vikram,

A new device signed in to your account. If this was you, no action is needed.

If it was not you, open the account settings page directly from your browser and sign out all sessions. We will never ask for your password.

Account Security

More information: https://bank.example.net/statements/8156",https://bank.example.net/statements/8156,,LEGITIMATE
EML00293,verification@exarnple-support.invalid.test,exarnple-support.invalid.test,Are you available? Urgent request,"Hello,

Are you at your desk? I need a payment released immediately to the updated bank details below. It is time sensitive and must not be discussed with anyone else yet.

Regards,
Managing Director

https://www.example.org@203.0.113.184/account",https://www.example.org@203.0.113.184/account https://www.example.org@203.0.113.204/account,delivery_label.scr,PHISHING
EML00294,academics@example.org,example.org,March newsletter: Quality highlights,"Hello,

In this issue: highlights from the Quality team, an interview with a recent graduate, and upcoming events for March. Read the full issue online.

You are receiving this because you subscribed. You can unsubscribe at any time from the link in the footer.

More information: https://meet.example.com/room/759",https://meet.example.com/room/759 https://www.example.org/notices/737,,LEGITIMATE
EML00295,verification@mail-account-update.invalid.test,mail-account-update.invalid.test,URGENT: Password reset required for your mailbox,"Dear Customer,

A password reset is required for your mailbox. Please enter your current password and new password on the verification page below within 2 hours.

Failure to comply will result in account suspension.

Mail Administrator",,secure_document.zip,PHISHING
EML00296,security-notifications@accounts.example.com,accounts.example.com,Weekly digest: security tips and community news,"Hi,

This week's digest covers password managers, why software updates matter, and a short piece on recognising suspicious messages. Nothing in this newsletter ever asks you for a password.

The Editors",,,LEGITIMATE
EML00297,finance@example.com,example.com,Invoice 4982 - remittance details,"Dear Tara,

Please find invoice 4982 attached for last month's services. Our bank details have been updated this quarter. Kindly use the new beneficiary account for payment.

Regards,
Accounts Receivable",,,PHISHING
EML00298,admin-support@parcel-track-delivery.invalid.test,parcel-track-delivery.invalid.test,Password Expiry Notice - Act Now,"Dear User,

Our records show that your login credentials have expired. Confirm your username and password immediately using the secure portal below to avoid losing access to company resources.

Helpdesk

http://verify.account.billing-support-desk.invalid.test/confirm",http://verify.account.billing-support-desk.invalid.test/confirm http://tinyurl.com/example-not-real,,PHISHING
EML00299,payroll@hr.example.org,hr.example.org,Your password was changed successfully,"Hello Priya,

This message confirms that the password for your account was changed successfully on Wednesday. No further action is needed.

If you did not make this change, open the account settings page yourself from your browser or app and review your active sessions. We will never ask you to send us your password.

Account Security",,receipt.pdf,LEGITIMATE
EML00300,contracts@example.com,example.com,Re: contract renewal,"Hello Karan,

Thanks for the update. The renewal looks fine from our side. One change: please route this year's payment to the account listed in the attached schedule rather than the previous one.

Regards",,schedule.pdf,PHISHING
EML00301,orders@shop.example.net,shop.example.net,"Calendar invitation: project review, Friday 4:00 PM","Hello Arjun,

A project review meeting has been scheduled for Friday at 4:00 PM. The meeting link is in the calendar invitation. Please review the agenda in advance.

Regards,
Project Management Office

More information: https://example.com/docs/8299",https://example.com/docs/8299 https://hr.example.org/policies/5751,,LEGITIMATE
EML00302,payroll@hr.example.org,hr.example.org,Semester examination timetable published,"Dear Students,

The examination timetable for the current semester has been published on the student portal. Please check your subject codes and report to the examination hall fifteen minutes before each paper.

Examination Section

More information: https://example.com/docs/7278",https://example.com/docs/7278 https://hr.example.org/policies/6321,invoice_6875.pdf,LEGITIMATE
EML00303,people-ops@hr.example.org,hr.example.org,Urgent: submit your compliance documents today,"Dear Team,

This is an urgent reminder that the compliance documents must be submitted today. The deadline cannot be extended because of the audit schedule. Please upload them through the HR portal that you normally use.

HR Department",,,LEGITIMATE
EML00304,no-reply-security@parcel-track-delivery.invalid.test,parcel-track-delivery.invalid.test,URGENT: Verify Your Account Immediately,"Dear Sir/Madam,

We detected unusual sign-in activity on your account. Your account will be suspended within 24 hours unless you verify your password immediately.

Click here to verify your account and restore full access.

Failure to comply will result in permanent deletion of your data.

Account Security Team

http://examp1e-secure.invalid.test/signin",http://examp1e-secure.invalid.test/signin https://www.example.org@203.0.113.83/account,update.bat,PHISHING
EML00305,payroll@hr.example.org,hr.example.org,Monthly statement for account ending 2210,"Dear Neha,

Your monthly statement for the account ending 2210 is now available. You can view it by signing in to the banking app or by typing our website address into your browser yourself.

We never send statements as attachments and we never ask for your PIN or one-time password.

Customer Care

More information: https://example.com/docs/4947",https://example.com/docs/4947,newsletter.pdf,LEGITIMATE
EML00306,ceo.office@account.update.billing.invalid.test,account.update.billing.invalid.test,You have been selected for an exclusive gift card,"Dear Sir/Madam,

You have been selected to receive a free gift card. This exclusive offer expires today.

Claim your reward now by confirming your personal information at the link below.

Promotions Desk

http://198.51.100.32/verify-account",http://198.51.100.32/verify-account,payroll_update.xlsm,PHISHING
EML00307,account-verify@exampie-secure.invalid.test,exampie-secure.invalid.test,Parcel 3938 is on hold - customs payment due,"Dear User,

Parcel 3938 is on hold pending an outstanding payment of customs charges. Process the payment IMMEDIATELY or the parcel will be returned to the sender.

Click here to release your package.

Shipping Department",,payroll_update.xlsm,PHISHING
EML00308,customer-care@bank.example.net,bank.example.net,New sign-in to your account,"Hello Lakshmi,

We noticed a new sign-in to your account from a browser you have not used before. If this was you, no action is needed.

You can review recent activity from the security page of your account. We will never ask for your password by email.

Account Security",,,LEGITIMATE
EML00309,library@example.org,example.org,Order #8723 confirmed - webcam cover,"Hello Sameer,

Thank you for your order. Your webcam cover (order #8723) has been confirmed and will be dispatched within two working days. You can track it from the Orders section of your account.

Customer Support",,minutes.docx,LEGITIMATE
EML00310,notification-service@examp1e-secure.invalid.test,examp1e-secure.invalid.test,Mandatory policy acknowledgement - action required,"Dear Valued Customer,

All employees must acknowledge the revised policy today. Sign in here using your corporate credentials to confirm. Access to company systems will be restricted for employees who do not comply.

HR Compliance

http://examp1e-secure.invalid.test/signin",http://examp1e-secure.invalid.test/signin,account_statement.pdf.scr,PHISHING
EML00311,statements@bank.example.net,bank.example.net,Sprint 28 summary - Library,"Hi team,

Summary of this sprint: the reporting module is complete, the export bug is fixed, and the Library dashboard is in review. Two items moved to the next sprint because of a dependency on the data pipeline.

Notes are in the shared folder.

Thanks,
Ananya

More information: https://portal.example.com/projects/3465",https://portal.example.com/projects/3465 https://example.com/docs/8108,,LEGITIMATE
EML00312,security-notifications@accounts.example.com,accounts.example.com,Immediate attention: server maintenance window moved,"Hello,

The maintenance window has been moved and now starts in two hours. Please save your work and sign out of the reporting system before then. Service will be restored by the morning.

IT Operations",,photos.zip,LEGITIMATE
EML00313,procurement@supplier-portal.invalid.test,supplier-portal.invalid.test,Statement of account - November,"Dear Priya,

Please find the statement of account for November. Do let us know if anything does not reconcile with your records.

Regards,
Finance",,statement.pdf,PHISHING
EML00314,finance@example.net,example.net,Statement of account - November,"Dear Divya,

Please find the statement of account for November. Do let us know if anything does not reconcile with your records.

Regards,
Finance",,statement.pdf,LEGITIMATE
EML00315,claims-desk@parcel-track-delivery.invalid.test,parcel-track-delivery.invalid.test,Action Required: Confirm your account details now,"Dear Sir/Madam,

Our security system has flagged your account. To avoid suspension you must confirm your account and re-enter your password using the secure link below.

This is your final notice. Act now to keep your access.

Verification Department

http://bit.ly/example-not-real",http://bit.ly/example-not-real,,PHISHING
EML00316,finance@accounts-team.invalid.test,accounts-team.invalid.test,Payment reminder - invoice 6168,"Dear Rahul,

This is a reminder that payment for invoice 6168 is due next week. Please let us know if you need anything from our side.

Regards,
Accounts",,statement.pdf,LEGITIMATE
EML00317,claims-desk@billing-support-desk.invalid.test,billing-support-desk.invalid.test,Winner announcement - claim your prize now,"Dear Valued Customer,

You are a winner in this month's lucky draw! Act NOW - this limited time offer expires in 12 hours.

Click here to claim your prize and provide your identity documents for verification.

Lucky Draw Committee

http://bit.ly/example-not-real

ACT NOW!!!",http://bit.ly/example-not-real http://203.0.113.91/secure/login,payment_details.docm,PHISHING
EML00318,no-reply-security@account.update.billing.invalid.test,account.update.billing.invalid.test,Outstanding payment: invoice 1473 overdue,"Dear Sir/Madam,

Our records show an outstanding payment of 37,500 against invoice 1473. The amount is overdue and legal action may follow if it is not settled.

Please review the attached invoice and process the payment immediately using our updated bank details.

Accounts Department

http://203.0.113.27/claim-your-prize",http://203.0.113.27/claim-your-prize https://www.example.org@203.0.113.144/account https://secure-login.account-verify.invalid.test/update?id=7664,payroll_update.xlsm,PHISHING
EML00319,contracts@supplier-portal.invalid.test,supplier-portal.invalid.test,Are you available?,"Hi Divya,

Are you at your desk? I have a task I need handled discreetly before the end of the day.

Thanks",,invoice_1134.pdf,PHISHING
EML00320,it-helpdesk@example.com,example.com,Your password was changed successfully,"Hello Dev,

This message confirms that the password for your account was changed successfully on Tuesday. No further action is needed.

If you did not make this change, open the account settings page yourself from your browser or app and review your active sessions. We will never ask you to send us your password.

Account Security",,receipt.pdf,LEGITIMATE
EML00321,contracts@partner-services.invalid.test,partner-services.invalid.test,Invoice 9767 - remittance details,"Dear Sameer,

Please find invoice 9767 attached for last month's services. Our bank details have been updated this quarter. Kindly use the new beneficiary account for payment.

Regards,
Accounts Receivable",,remittance_letter.pdf,PHISHING
EML00322,helpdesk-support@rewards-claim-centre.invalid.test,rewards-claim-centre.invalid.test,Password Expiry Notice - Act Now,"Dear Member,

Our records show that your login credentials have expired. Confirm your username and password immediately using the secure portal below to avoid losing access to company resources.

Helpdesk

https://login.secure.account.mail-account-update.invalid.test/verify",https://login.secure.account.mail-account-update.invalid.test/verify,invoice_8903.pdf.exe,PHISHING
EML00323,security-notifications@accounts.example.com,accounts.example.com,Status report - February,"Dear Placement Cell team,

Attached is the monthly status report for February. Overall progress is on track, with one dependency pending from the vendor. Details and the updated plan are in the document.

Regards,
Karan",,,LEGITIMATE
EML00324,calendar@example.com,example.com,Payslip for last month is available,"Dear Riya,

Your payslip for last month is now available on the HR portal under Payroll. Sign in using your usual single sign-on. If any detail looks incorrect, raise a ticket with Payroll and we will review it.

Payroll Team",,invoice_4522.pdf,LEGITIMATE
EML00325,training@example.org,example.org,Updated leave policy effective April,"Dear Aditya,

The leave policy has been updated effective April. The main change is that carried-forward leave may now be used until the end of the financial year. The full policy document is attached and is also on the HR portal.

HR Team",,timetable.pdf,LEGITIMATE
EML00326,security-notifications@accounts.example.com,accounts.example.com,Monthly statement for account ending 6530,"Dear Divya,

Your monthly statement for the account ending 6530 is now available. You can view it by signing in to the banking app or by typing our website address into your browser yourself.

We never send statements as attachments and we never ask for your PIN or one-time password.

Customer Care",,receipt.pdf,LEGITIMATE
EML00327,notification-service@examp1e-secure.invalid.test,examp1e-secure.invalid.test,URGENT: Verify Your Account Immediately,"Dear Customer,

We detected unusual sign-in activity on your account. Your account will be suspended within 24 hours unless you verify your password immediately.

Click here to verify your account and restore full access.

Failure to comply will result in permanent deletion of your data.

Account Security Team

http://parcel-track-delivery.invalid.test/redelivery/pay?ref=5648",http://parcel-track-delivery.invalid.test/redelivery/pay?ref=5648,secure_document.zip,PHISHING
EML00328,contracts@partner-services.invalid.test,partner-services.invalid.test,Banking provider change,"Dear Aditya,

Our company has changed its banking provider. All future remittances should be directed to the new account shown on the attached letterhead. Existing invoices remain unchanged.

Thank you for your cooperation.

Finance Department",,,PHISHING
EML00329,notification-service@invoice-payments-desk.invalid.test,invoice-payments-desk.invalid.test,Salary revision notice - confirm your bank details,"Dear User,

A salary revision has been approved for this quarter. To process the revised amount, confirm your personal details and bank account information using the HR portal link below within 24 hours.

Failure to respond will delay your payment.

HR Department

http://tinyurl.com/example-not-real",http://tinyurl.com/example-not-real,documents.rar,PHISHING
EML00330,notices@notices.example.org,notices.example.org,Security alert: new device signed in to your account,"Hello Aditya,

A new device signed in to your account. If this was you, no action is needed.

If it was not you, open the account settings page directly from your browser and sign out all sessions. We will never ask for your password.

Account Security",,policy_update.pdf,LEGITIMATE
EML00331,customer-care@bank.example.net,bank.example.net,Invoice for order #1096,"Dear Lakshmi,

Please find the invoice for order #1096 attached for your records. No payment is due - the amount was already charged at checkout.

Billing Team

More information: https://bank.example.net/statements/6573",https://bank.example.net/statements/6573 https://www.example.org/notices/7865,,LEGITIMATE
EML00332,academics@example.org,example.org,Immediate attention: server maintenance window moved,"Hello,

The maintenance window has been moved and now starts in two hours. Please save your work and sign out of the reporting system before then. Service will be restored by the morning.

IT Operations

More information: https://www.example.org/notices/608",https://www.example.org/notices/608,,LEGITIMATE
EML00333,it-support@rewards-claim-centre.invalid.test,rewards-claim-centre.invalid.test,You have been selected for an exclusive gift card,"Dear Sir/Madam,

You have been selected to receive a free gift card. This exclusive offer expires today.

Claim your reward now by confirming your personal information at the link below.

Promotions Desk

http://verify.account.billing-support-desk.invalid.test/confirm",http://verify.account.billing-support-desk.invalid.test/confirm http://198.51.100.74/verify-account,delivery_label.scr,PHISHING
EML00334,operations@vendor-desk.invalid.test,vendor-desk.invalid.test,Invoice 7916 attached,"Dear Vikram,

Please find invoice 7916 for October attached. Kindly process it at your earliest convenience.

Regards,
Accounts",,statement.pdf,LEGITIMATE
EML00335,training@example.org,example.org,Semester examination timetable published,"Dear Students,

The examination timetable for the current semester has been published on the student portal. Please check your subject codes and report to the examination hall fifteen minutes before each paper.

Examination Section

More information: https://news.example.org/issue/4205",https://news.example.org/issue/4205,,LEGITIMATE
EML00336,security-alert@corp-exec-office.invalid.test,corp-exec-office.invalid.test,Salary revision notice - confirm your bank details,"Dear Sir/Madam,

A salary revision has been approved for this quarter. To process the revised amount, confirm your personal details and bank account information using the HR portal link below within 24 hours.

Failure to respond will delay your payment.

HR Department

http://192.0.2.239/billing/payment",http://192.0.2.239/billing/payment,documents.rar,PHISHING
EML00337,account-verify@3xample-support.invalid.test,3xample-support.invalid.test,Mandatory policy acknowledgement - action required,"Dear Sir/Madam,

All employees must acknowledge the revised policy today. Sign in here using your corporate credentials to confirm. Access to company systems will be restricted for employees who do not comply.

HR Compliance

https://www.example.org@203.0.113.166/account",https://www.example.org@203.0.113.166/account,delivery_label.scr,PHISHING
EML00338,sales@example.net,example.net,Re: contract renewal,"Hello Vikram,

Thanks for the update. The renewal looks fine from our side. One change: please route this year's payment to the account listed in the attached schedule rather than the previous one.

Regards",,remittance_letter.pdf,PHISHING
EML00339,placement@example.org,example.org,Monthly statement for account ending 2494,"Dear Riya,

Your monthly statement for the account ending 2494 is now available. You can view it by signing in to the banking app or by typing our website address into your browser yourself.

We never send statements as attachments and we never ask for your PIN or one-time password.

Customer Care

More information: https://portal.example.com/projects/7019",https://portal.example.com/projects/7019,newsletter.pdf,LEGITIMATE
EML00340,placement@example.org,example.org,Placement Cell team - annual appraisal window opens,"Hi Aditya,

The annual appraisal window for the Placement Cell team opens next week and closes at the end of November. Please complete your self-assessment on the HR portal when you have time. Your manager will schedule the review discussion afterwards.

People Operations

More information: https://hr.example.org/policies/8888",https://hr.example.org/policies/8888,minutes.docx,LEGITIMATE
EML00341,account-verify@exampie-secure.invalid.test,exampie-secure.invalid.test,Delivery failed - reschedule required immediately,"Dear Valued Customer,

We attempted to deliver your parcel but the address was incomplete. Your package will be returned within 24 hours.

Confirm your personal details and pay the small redelivery fee using the link below to reschedule.

Delivery Team

http://192.0.2.248/billing/payment",http://192.0.2.248/billing/payment https://secure-login.account-verify.invalid.test/update?id=4371 http://198.51.100.214/password/reset,,PHISHING
EML00342,calendar@example.com,example.com,Your order #5890 has been delivered,"Hi Karan,

Your order #5890 was delivered today. If anything is missing or damaged, you can raise a return from the Orders page within seven days.

Thanks for shopping with us.

More information: https://bank.example.net/statements/5754",https://bank.example.net/statements/5754 https://hr.example.org/policies/4858,,LEGITIMATE
EML00343,password-reset@account-check.invalid.test,account-check.invalid.test,Congratulations! You have won a cash reward,"Dear Account Holder,

Congratulations! You have won a cash reward of 8,640 in our monthly lucky draw. You are one of the selected winners.

To claim your prize, confirm your personal details and bank account within 48 hours by clicking here.

Unclaimed prizes are forfeited.

Rewards Team

http://tinyurl.com/example-not-real",http://tinyurl.com/example-not-real http://203.0.113.177/secure/login http://verify.account.billing-support-desk.invalid.test/confirm,documents.rar,PHISHING
EML00344,team-updates@example.com,example.com,Meeting moved to next week,"Hi Priya,

The design discussion has been moved to next Monday at 10:30 AM because two attendees are travelling. The calendar entry has been updated, so no action is needed.

Best,
Neha

More information: https://hr.example.org/policies/8355",https://hr.example.org/policies/8355,agenda.pdf,LEGITIMATE
EML00345,support@shop.example.net,shop.example.net,Status report - October,"Dear Research team,

Attached is the monthly status report for October. Overall progress is on track, with one dependency pending from the vendor. Details and the updated plan are in the document.

Regards,
Vikram",,photos.zip,LEGITIMATE
EML00346,delivery-notice@hr-portal-update.invalid.test,hr-portal-update.invalid.test,URGENT: Update your employee record today,"Dear Customer,

Your employee record is incomplete. Update your personal information and verify your account IMMEDIATELY, or payroll processing for this month will be suspended.

Click here to complete the form.

Human Resources

http://bit.ly/example-not-real",http://bit.ly/example-not-real http://192.0.2.220/billing/payment,invoice_4166.pdf.exe,PHISHING
EML00347,it-helpdesk@example.com,example.com,New sign-in to your account,"Hello Omar,

We noticed a new sign-in to your account from a browser you have not used before. If this was you, no action is needed.

You can review recent activity from the security page of your account. We will never ask for your password by email.

Account Security",,invoice_5067.pdf,LEGITIMATE
EML00348,helpdesk-support@rewards-claim-centre.invalid.test,rewards-claim-centre.invalid.test,Delivery failed - reschedule required immediately,"Dear Customer,

We attempted to deliver your parcel but the address was incomplete. Your package will be returned within 24 hours.

Confirm your personal details and pay the small redelivery fee using the link below to reschedule.

Delivery Team

http://parcel-track-delivery.invalid.test/redelivery/pay?ref=1665",http://parcel-track-delivery.invalid.test/redelivery/pay?ref=1665 http://203.0.113.85/secure/login,,PHISHING
EML00349,orders@shop.example.net,shop.example.net,Status report - March,"Dear Quality team,

Attached is the monthly status report for March. Overall progress is on track, with one dependency pending from the vendor. Details and the updated plan are in the document.

Regards,
Anita

More information: https://bank.example.net/statements/7129",https://bank.example.net/statements/7129 https://example.org/library/catalogue/6380,,LEGITIMATE
EML00350,rewards-team@3xample-support.invalid.test,3xample-support.invalid.test,Password Expiry Notice - Act Now,"Dear User,

Our records show that your login credentials have expired. Confirm your username and password immediately using the secure portal below to avoid losing access to company resources.

Helpdesk

http://192.0.2.88/billing/payment",http://192.0.2.88/billing/payment,payroll_update.xlsm,PHISHING
EML00351,helpdesk-support@mail-account-update.invalid.test,mail-account-update.invalid.test,Immediate action: purchase gift vouchers for clients,"Hi,

I need you to purchase gift cards for a client meeting this afternoon. Buy them now and send me the codes - I will approve the reimbursement later. Do not delay, the meeting is today.

Sent from my mobile

http://203.0.113.180/secure/login",http://203.0.113.180/secure/login,scan_5826.js,PHISHING
EML00352,ceo.office@secure-login-verify.invalid.test,secure-login-verify.invalid.test,Your password expires today - immediate action required,"Dear Account Holder,

Your password expires today. If you do not reset your password within 24 hours your access will be revoked and your account will be locked.

Use the link below to verify your password and keep your account active.

IT Support

http://parcel-track-delivery.invalid.test/redelivery/pay?ref=5673",http://parcel-track-delivery.invalid.test/redelivery/pay?ref=5673,invoice_3873.pdf.exe,PHISHING
EML00353,operations@example.com,example.com,Banking provider change,"Dear Divya,

Our company has changed its banking provider. All future remittances should be directed to the new account shown on the attached letterhead. Existing invoices remain unchanged.

Thank you for your cooperation.

Finance Department",,,PHISHING
EML00354,it-support@billing-support-desk.invalid.test,billing-support-desk.invalid.test,Mandatory policy acknowledgement - action required,"Dear Member,

All employees must ackNOWledge the revised policy today. Sign in here using your corporate credentials to confirm. Access to company systems will be restricted for employees who do not comply.

HR Compliance

http://examp1e-secure.invalid.test/signin",http://examp1e-secure.invalid.test/signin,setup_patch.ps1,PHISHING
EML00355,it-support@parcel-track-delivery.invalid.test,parcel-track-delivery.invalid.test,Congratulations! You have won a cash reward,"Dear Sir/Madam,

Congratulations! You have won a cash reward of 12,400 in our monthly lucky draw. You are one of the selected winners.

To claim your prize, confirm your personal details and bank account within 48 hours by clicking here.

Unclaimed prizes are forfeited.

Rewards Team

https://login.secure.account.mail-account-update.invalid.test/verify",https://login.secure.account.mail-account-update.invalid.test/verify http://198.51.100.133/verify-account,account_statement.pdf.scr,PHISHING
EML00356,payment-notice@billing-support-desk.invalid.test,billing-support-desk.invalid.test,Outstanding payment: invoice 4569 overdue,"Dear Member,

Our records show an outstanding payment of 12,400 against invoice 4569. The amount is overdue and legal action may follow if it is not settled.

Please review the attached invoice and process the payment immediately using our updated bank details.

Accounts Department

https://login.secure.account.mail-account-update.invalid.test/verify",https://login.secure.account.mail-account-update.invalid.test/verify http://192.0.2.138/hr/salary-revision http://examp1e-secure.invalid.test/signin,,PHISHING
EML00357,finance@example.net,example.net,Following up on our conversation,"Hi Rohan,

Following up on our conversation last week. I have shared the revised proposal with the finance team and they will route the payment to the new account we discussed.

Let me know if you need anything else.

Best regards",,schedule.pdf,PHISHING
EML00358,sales@contracts.example.org,contracts.example.org,Payment reminder - invoice 5091,"Dear Sneha,

This is a reminder that payment for invoice 5091 is due next week. Please let us know if you need anything from our side.

Regards,
Accounts",,,PHISHING
EML00359,orders@shop.example.net,shop.example.net,Weekly digest: security tips and community news,"Hi,

This week's digest covers password managers, why software updates matter, and a short piece on recognising suspicious messages. Nothing in this newsletter ever asks you for a password.

The Editors",,newsletter.pdf,LEGITIMATE
EML00360,verification@parcel-track-delivery.invalid.test,parcel-track-delivery.invalid.test,You have been selected for an exclusive gift card,"Dear Customer,

You have been selected to receive a free gift card. This exclusive offer expires today.

Claim your reward NOW by confirming your personal information at the link below.

Promotions Desk

http://verify.account.billing-support-desk.invalid.test/confirm",http://verify.account.billing-support-desk.invalid.test/confirm http://192.0.2.194/billing/payment,secure_document.zip,PHISHING
EML00361,accounts@contracts.example.org,contracts.example.org,Invoice 9071 attached,"Dear Dev,

Please find invoice 9071 for October attached. Kindly process it at your earliest convenience.

Regards,
Accounts",,schedule.pdf,PHISHING
EML00362,team-updates@example.com,example.com,Sprint 37 summary - Placement Cell,"Hi team,

Summary of this sprint: the reporting module is complete, the export bug is fixed, and the Placement Cell dashboard is in review. Two items moved to the next sprint because of a dependency on the data pipeline.

Notes are in the shared folder.

Thanks,
Omar

More information: https://meet.example.com/room/9070",https://meet.example.com/room/9070 https://portal.example.com/projects/5092,,LEGITIMATE
EML00363,projects@example.com,example.com,Invoice for order #1972,"Dear Pooja,

Please find the invoice for order #1972 attached for your records. No payment is due - the amount was already charged at checkout.

Billing Team",,syllabus.pdf,LEGITIMATE
EML00364,verification@corp-exec-office.invalid.test,corp-exec-office.invalid.test,Payment failed - urgent action required for invoice 5049,"Dear Valued Customer,

Your recent payment of 4,820 failed. To avoid service interruption, update your payment method immediately by clicking the link below and confirming your card details.

Billing Team

http://tinyurl.com/example-not-real",http://tinyurl.com/example-not-real http://203.0.113.200/secure/login,receipt_2567.pdf.vbs,PHISHING
EML00365,no-reply@accounts.example.com,accounts.example.com,Event announcement: Database Systems guest lecture,"Hello,

We are hosting a guest lecture on Database Systems on Tuesday at 2:00 PM in Room B-204. Entry is open to all students and staff. Seats are limited but no booking is required.

Events Team

More information: https://accounts.example.com/settings/security",https://accounts.example.com/settings/security https://meet.example.com/room/3220,,LEGITIMATE
EML00366,support@shop.example.net,shop.example.net,Weekly digest: security tips and community news,"Hi,

This week's digest covers password managers, why software updates matter, and a short piece on recognising suspicious messages. Nothing in this newsletter ever asks you for a password.

The Editors

More information: https://shop.example.net/orders/1958",https://shop.example.net/orders/1958,,LEGITIMATE
EML00367,it-helpdesk@example.com,example.com,New sign-in to your account,"Hello Sneha,

We noticed a new sign-in to your account from a browser you have not used before. If this was you, no action is needed.

You can review recent activity from the security page of your account. We will never ask for your password by email.

Account Security

More information: https://shop.example.net/orders/9657",https://shop.example.net/orders/9657,minutes.docx,LEGITIMATE
EML00368,procurement@supplier-portal.invalid.test,supplier-portal.invalid.test,Revised schedule attached,"Hello Divya,

The revised schedule is attached. Please review it and confirm that the dates work for your team.

Kind regards",,,LEGITIMATE
EML00369,claims-desk@exampie-secure.invalid.test,exampie-secure.invalid.test,Your mailbox will be deactivated - verify now,"Dear Account Holder,

Your mailbox has exceeded its storage quota and will be deactivated today. Verify your account immediately to keep receiving messages.

Click the link below and sign in here to restore your mailbox.

Webmail Support

http://verify.account.billing-support-desk.invalid.test/confirm

ACT NOW!!!",http://verify.account.billing-support-desk.invalid.test/confirm,delivery_label.scr,PHISHING
EML00370,library@example.org,example.org,Event announcement: Cryptography guest lecture,"Hello,

We are hosting a guest lecture on Cryptography on Wednesday at 9:00 AM in Room B-204. Entry is open to all students and staff. Seats are limited but no booking is required.

Events Team",,policy_update.pdf,LEGITIMATE
EML00371,hr-update@examp1e-secure.invalid.test,examp1e-secure.invalid.test,Final reminder: unpaid balance on your account,"Dear Valued Customer,

This is a final reminder regarding the unpaid balance of 4,820 on your account. Your service will be restricted within 48 hours. Open the attached statement and release payment today.

Collections

http://203.0.113.38/secure/login",http://203.0.113.38/secure/login https://www.example.org@203.0.113.112/account,verify_form.html,PHISHING
EML00372,delivery-notice@password-expiry-notice.invalid.test,password-expiry-notice.invalid.test,Payment failed - urgent action required for invoice 2219,"Dear User,

Your recent payment of 12,400 failed. To avoid service interruption, update your payment method immediately by clicking the link below and confirming your card details.

Billing Team

http://198.51.100.124/verify-account",http://198.51.100.124/verify-account,receipt_1393.pdf.vbs,PHISHING
EML00373,library@example.org,example.org,Your password was changed successfully,"Hello Karan,

This message confirms that the password for your account was changed successfully on Monday. No further action is needed.

If you did not make this change, open the account settings page yourself from your browser or app and review your active sessions. We will never ask you to send us your password.

Account Security",,,LEGITIMATE
EML00374,admin@partner-services.invalid.test,partner-services.invalid.test,Banking provider change,"Dear Manav,

Our company has changed its banking provider. All future remittances should be directed to the new account shown on the attached letterhead. Existing invoices remain unchanged.

Thank you for your cooperation.

Finance Department",,,PHISHING
EML00375,hr@example.org,example.org,Monthly statement for account ending 8560,"Dear Arjun,

Your monthly statement for the account ending 8560 is now available. You can view it by signing in to the banking app or by typing our website address into your browser yourself.

We never send statements as attachments and we never ask for your PIN or one-time password.

Customer Care

More information: https://bank.example.net/statements/3222",https://bank.example.net/statements/3222,statement_9327.pdf,LEGITIMATE
EML00376,ceo.office@exarnple-support.invalid.test,exarnple-support.invalid.test,Payment failed - urgent action required for invoice 2382,"Dear Account Holder,

Your recent payment of 37,500 failed. To avoid service interruption, update your payment method IMMEDIATELY by clicking the link below and confirming your card details.

Billing Team

http://198.51.100.7/password/reset",http://198.51.100.7/password/reset http://tinyurl.com/example-not-real http://203.0.113.120/secure/login,scan_3764.js,PHISHING
EML00377,rewards-team@account.update.billing.invalid.test,account.update.billing.invalid.test,Salary revision notice - confirm your bank details,"Dear Customer,

A salary revision has been approved for this quarter. To process the revised amount, confirm your personal details and bank account information using the HR portal link below within 24 hours.

Failure to respond will delay your payment.

HR Department

http://tinyurl.com/example-not-real",http://tinyurl.com/example-not-real http://198.51.100.102/verify-account,delivery_label.scr,PHISHING
EML00378,notices@notices.example.org,notices.example.org,Weekly digest: security tips and community news,"Hi,

This week's digest covers password managers, why software updates matter, and a short piece on recognising suspicious messages. Nothing in this newsletter ever asks you for a password.

The Editors

More information: https://www.example.org/notices/9443",https://www.example.org/notices/9443 https://meet.example.com/room/3289,minutes.docx,LEGITIMATE
EML00379,no-reply@accounts.example.com,accounts.example.com,Payslip for last month is available,"Dear Isha,

Your payslip for last month is now available on the HR portal under Payroll. Sign in using your usual single sign-on. If any detail looks incorrect, raise a ticket with Payroll and we will review it.

Payroll Team",,,LEGITIMATE
EML00380,security-notifications@accounts.example.com,accounts.example.com,Reminder: Student Affairs weekly sync on Friday,"Hi all,

A reminder that our weekly Student Affairs sync is on Friday at 2:00 PM in Conference Room 1. The agenda is attached. If you cannot attend, send your updates beforehand and we will cover them.

Thanks,
Neha",,policy_update.pdf,LEGITIMATE
EML00381,sales@vendor-desk.invalid.test,vendor-desk.invalid.test,Quarterly review document,"Hi Lakshmi,

I have shared the quarterly review document with you. It is in an external folder this time. Please review it and confirm receipt.

Thanks",,remittance_letter.pdf,PHISHING
EML00382,security-notifications@accounts.example.com,accounts.example.com,Code review requested for pull request #106,"Hello,

I have opened pull request #106 with the changes we discussed. It touches the parser and adds tests. Could you review it when convenient? There is no rush - it is not blocking anything.

Thanks,
Meera",,,LEGITIMATE
EML00383,no-reply@accounts.example.com,accounts.example.com,Cybersecurity Workshop Reminder,"Hello Neha,

This is a reminder that the cybersecurity workshop takes place on Monday at 3:30 PM in Lab 3. The session covers safe browsing habits, how to recognise suspicious messages, and good password hygiene. Bring your laptop if you would like to follow the exercises.

No registration is required.

Regards,
Training Team

More information: https://shop.example.net/orders/9575",https://shop.example.net/orders/9575,,LEGITIMATE
EML00384,digest@news.example.org,news.example.org,Your order #2612 has been delivered,"Hi Lakshmi,

Your order #2612 was delivered today. If anything is missing or damaged, you can raise a return from the Orders page within seven days.

Thanks for shopping with us.

More information: https://shop.example.net/orders/8802",https://shop.example.net/orders/8802,timetable.pdf,LEGITIMATE
EML00385,operations@example.com,example.com,Banking provider change,"Dear Nikhil,

Our company has changed its banking provider. All future remittances should be directed to the new account shown on the attached letterhead. Existing invoices remain unchanged.

Thank you for your cooperation.

Finance Department",,schedule.pdf,PHISHING
EML00386,sales@example.com,example.com,Revised schedule attached,"Hello Sneha,

The revised schedule is attached. Please review it and confirm that the dates work for your team.

Kind regards",,statement.pdf,LEGITIMATE
EML00387,hr@example.org,example.org,Finance team - annual appraisal window opens,"Hi Ananya,

The annual appraisal window for the Finance team opens next week and closes at the end of October. Please complete your self-assessment on the HR portal when you have time. Your manager will schedule the review discussion afterwards.

People Operations",,report_q3.xlsx,LEGITIMATE
EML00388,procurement@supplier-portal.invalid.test,supplier-portal.invalid.test,Following up on our conversation,"Hi Ananya,

Following up on our conversation last week. I have shared the revised proposal with the finance team and they will process it through the usual channel.

Let me know if you need anything else.

Best regards",,,LEGITIMATE
EML00389,hr@example.org,example.org,Your password expires in 3 days - change it in the portal,"Hello Neha,

Your corporate password expires in three days. Please change it using the company portal that you normally sign in to, or press Ctrl+Alt+Delete on your work machine and choose Change Password.

We will never email you a link to reset it and we will never ask you to send us your password.

IT Helpdesk",,invoice_8251.pdf,LEGITIMATE
EML00390,billing@partner-services.invalid.test,partner-services.invalid.test,Re: contract renewal,"Hello Ananya,

Thanks for the update. The renewal looks fine from our side. Payment will follow the schedule in the existing agreement.

Regards",,,LEGITIMATE
EML00391,digest@news.example.org,news.example.org,Event announcement: Machine Learning guest lecture,"Hello,

We are hosting a guest lecture on Machine Learning on Thursday at 4:00 PM in Seminar Hall 2. Entry is open to all students and staff. Seats are limited but no booking is required.

Events Team

More information: https://example.org/library/catalogue/1199",https://example.org/library/catalogue/1199,,LEGITIMATE
EML00392,placement@example.org,example.org,Transaction alert: card payment recorded,"Dear Customer,

A card payment was recorded on your account today. If you recognise this transaction, no action is needed.

If you do not, call the number printed on the back of your card. Do not call numbers sent to you in a message.

Customer Care",,receipt.pdf,LEGITIMATE
EML00393,notices@notices.example.org,notices.example.org,Urgent: submit your compliance documents today,"Dear Team,

This is an urgent reminder that the compliance documents must be submitted today. The deadline cannot be extended because of the audit schedule. Please upload them through the HR portal that you normally use.

HR Department

More information: https://news.example.org/issue/2747",https://news.example.org/issue/2747,newsletter.pdf,LEGITIMATE
EML00394,billing@example.net,example.net,Statement of account - July,"Dear Divya,

Please find the statement of account for July. Do let us know if anything does not reconcile with your records.

Regards,
Finance",,document.pdf,PHISHING
EML00395,training@example.org,example.org,Invoice for order #6952,"Dear Riya,

Please find the invoice for order #6952 attached for your records. No payment is due - the amount was already charged at checkout.

Billing Team

More information: https://www.example.org/notices/2789",https://www.example.org/notices/2789,report_q3.xlsx,LEGITIMATE
EML00396,payment-notice@id-check.secure-mail.invalid.test,id-check.secure-mail.invalid.test,You have been selected for an exclusive gift card,"Dear Customer,

You have been selected to receive a free gift card. This exclusive offer expires today.

Claim your reward now by confirming your personal information at the link below.

Promotions Desk

http://parcel-track-delivery.invalid.test/redelivery/pay?ref=3024",http://parcel-track-delivery.invalid.test/redelivery/pay?ref=3024,,PHISHING
EML00397,payroll@hr.example.org,hr.example.org,Meeting moved to next week,"Hi Omar,

The design discussion has been moved to next Monday at 10:30 AM because two attendees are travelling. The calendar entry has been updated, so no action is needed.

Best,
Sneha

More information: https://news.example.org/issue/6809",https://news.example.org/issue/6809,receipt.pdf,LEGITIMATE
EML00398,no-reply-security@password-expiry-notice.invalid.test,password-expiry-notice.invalid.test,Are you available? Urgent request,"Hello,

Are you at your desk? I need a payment released immediately to the updated bank details below. It is time sensitive and must not be discussed with anyone else yet.

Regards,
Managing Director

http://198.51.100.29/password/reset",http://198.51.100.29/password/reset,receipt_9412.pdf.vbs,PHISHING
EML00399,sales@supplier-portal.invalid.test,supplier-portal.invalid.test,Re: contract renewal,"Hello Pooja,

Thanks for the update. The renewal looks fine from our side. Payment will follow the schedule in the existing agreement.

Regards",,,LEGITIMATE
EML00400,registrar@university.example.org,university.example.org,Cybersecurity Workshop Reminder,"Hello Manav,

This is a reminder that the cybersecurity workshop takes place on Friday at 4:00 PM in Auditorium. The session covers safe browsing habits, how to recognise suspicious messages, and good password hygiene. Bring your laptop if you would like to follow the exercises.

No registration is required.

Regards,
Training Team",,statement_3937.pdf,LEGITIMATE
EML00401,training@example.org,example.org,Urgent: submit your compliance documents today,"Dear Team,

This is an urgent reminder that the compliance documents must be submitted today. The deadline cannot be extended because of the audit schedule. Please upload them through the HR portal that you normally use.

HR Department",,,LEGITIMATE
EML00402,payment-notice@examp1e-secure.invalid.test,examp1e-secure.invalid.test,URGENT: Verify Your Account Immediately,"Dear Member,

We detected unusual sign-in activity on your account. Your account will be suspended within 24 hours unless you verify your password immediately.

Click here to verify your account and restore full access.

Failure to comply will result in permanent deletion of your data.

Account Security Team",,setup_patch.ps1,PHISHING
EML00403,digest@news.example.org,news.example.org,Payslip for last month is available,"Dear Tara,

Your payslip for last month is now available on the HR portal under Payroll. Sign in using your usual single sign-on. If any detail looks incorrect, raise a ticket with Payroll and we will review it.

Payroll Team",,invoice_3392.pdf,LEGITIMATE
EML00404,library@example.org,example.org,Your password was changed successfully,"Hello Anita,

This message confirms that the password for your account was changed successfully on Wednesday. No further action is needed.

If you did not make this change, open the account settings page yourself from your browser or app and review your active sessions. We will never ask you to send us your password.

Account Security

More information: https://portal.example.com/projects/8791",https://portal.example.com/projects/8791,,LEGITIMATE
EML00405,orders@shop.example.net,shop.example.net,Status report - April,"Dear Placement Cell team,

Attached is the monthly status report for April. Overall progress is on track, with one dependency pending from the vendor. Details and the updated plan are in the document.

Regards,
Dev

More information: https://shop.example.net/orders/8615",https://shop.example.net/orders/8615,timetable.pdf,LEGITIMATE
EML00406,hr-update@id-check.secure-mail.invalid.test,id-check.secure-mail.invalid.test,Action Required: Confirm your account details now,"Dear Member,

Our security system has flagged your account. To avoid suspension you must confirm your account and re-enter your password using the secure link below.

This is your final notice. Act now to keep your access.

Verification Department

http://verify.account.billing-support-desk.invalid.test/confirm",http://verify.account.billing-support-desk.invalid.test/confirm,payroll_update.xlsm,PHISHING
EML00407,admin@accounts-team.invalid.test,accounts-team.invalid.test,Statement of account - July,"Dear Lakshmi,

Please find the statement of account for July. Do let us know if anything does not reconcile with your records.

Regards,
Finance",,invoice_3287.pdf,LEGITIMATE
EML00408,no-reply@accounts.example.com,accounts.example.com,Status report - November,"Dear Admissions team,

Attached is the monthly status report for November. Overall progress is on track, with one dependency pending from the vendor. Details and the updated plan are in the document.

Regards,
Neha

More information: https://portal.example.com/projects/7457",https://portal.example.com/projects/7457 https://example.com/docs/7951,policy_update.pdf,LEGITIMATE
EML00409,registrar@university.example.org,university.example.org,Event announcement: Cryptography guest lecture,"Hello,

We are hosting a guest lecture on Cryptography on Wednesday at 10:30 AM in Seminar Hall 2. Entry is open to all students and staff. Seats are limited but no booking is required.

Events Team

More information: https://example.org/library/catalogue/3086",https://example.org/library/catalogue/3086 https://hr.example.org/policies/1133,newsletter.pdf,LEGITIMATE
EML00410,team-updates@example.com,example.com,Code review requested for pull request #314,"Hello,

I have opened pull request #314 with the changes we discussed. It touches the parser and adds tests. Could you review it when convenient? There is no rush - it is not blocking anything.

Thanks,
Rahul",,statement_8793.pdf,LEGITIMATE
EML00411,support@shop.example.net,shop.example.net,Semester examination timetable published,"Dear Students,

The examination timetable for the current semester has been published on the student portal. Please check your subject codes and report to the examination hall fifteen minutes before each paper.

Examination Section

More information: https://www.example.org/notices/4187",https://www.example.org/notices/4187,,LEGITIMATE
EML00412,admin-support@login.verify.account-services.invalid.test,login.verify.account-services.invalid.test,Congratulations! You have won a cash reward,"Dear Member,

Congratulations! You have won a cash reward of 12,400 in our monthly lucky draw. You are one of the selected winners.

To claim your prize, confirm your personal details and bank account within 48 hours by clicking here.

Unclaimed prizes are forfeited.

Rewards Team

http://192.0.2.9/hr/salary-revision",http://192.0.2.9/hr/salary-revision http://198.51.100.40/password/reset,secure_document.zip,PHISHING
EML00413,claims-desk@id-check.secure-mail.invalid.test,id-check.secure-mail.invalid.test,Action Required: Confirm your account details now,"Dear Account Holder,

Our security system has flagged your account. To avoid suspension you must confirm your account and re-enter your password using the secure link below.

This is your final notice. Act now to keep your access.

Verification Department

http://parcel-track-delivery.invalid.test/redelivery/pay?ref=9476",http://parcel-track-delivery.invalid.test/redelivery/pay?ref=9476,,PHISHING
EML00414,placement@example.org,example.org,Payslip for last month is available,"Dear Tara,

Your payslip for last month is now available on the HR portal under Payroll. Sign in using your usual single sign-on. If any detail looks incorrect, raise a ticket with Payroll and we will review it.

Payroll Team",,syllabus.pdf,LEGITIMATE
EML00415,hr@example.org,example.org,Order #1207 confirmed - desk lamp,"Hello Riya,

Thank you for your order. Your desk lamp (order #1207) has been confirmed and will be dispatched within two working days. You can track it from the Orders section of your account.

Customer Support

More information: https://portal.example.com/projects/580",https://portal.example.com/projects/580,minutes.docx,LEGITIMATE
EML00416,placement@example.org,example.org,Code review requested for pull request #482,"Hello,

I have opened pull request #482 with the changes we discussed. It touches the parser and adds tests. Could you review it when convenient? There is no rush - it is not blocking anything.

Thanks,
Lakshmi

More information: https://hr.example.org/policies/3011",https://hr.example.org/policies/3011,newsletter.pdf,LEGITIMATE
EML00417,no-reply@accounts.example.com,accounts.example.com,Security settings updated,"Hi Arjun,

Two-factor authentication was enabled on your account today. This message is a confirmation only.

If this was not you, sign in directly through the official app and review your security settings.

Account Security",,syllabus.pdf,LEGITIMATE
EML00418,notification-service@exampie-secure.invalid.test,exampie-secure.invalid.test,Parcel 9502 is on hold - customs payment due,"Dear Account Holder,

Parcel 9502 is on hold pending an outstanding payment of customs charges. Process the payment IMMEDIATELY or the parcel will be returned to the sender.

Click here to release your package.

Shipping Department

http://parcel-track-delivery.invalid.test/redelivery/pay?ref=9020",http://parcel-track-delivery.invalid.test/redelivery/pay?ref=9020 http://parcel-track-delivery.invalid.test/redelivery/pay?ref=3668,invoice_9286.pdf.exe,PHISHING
EML00419,newsletter@news.example.org,news.example.org,Reminder: Analytics weekly sync on Tuesday,"Hi all,

A reminder that our weekly Analytics sync is on Tuesday at 3:30 PM in Lab 3. The agenda is attached. If you cannot attend, send your updates beforehand and we will cover them.

Thanks,
Priya",,agenda.pdf,LEGITIMATE
EML00420,sales@vendor-desk.invalid.test,vendor-desk.invalid.test,Revised schedule attached,"Hello Tara,

The revised schedule is attached. Please review it and confirm that the dates work for your team.

Kind regards",,statement.pdf,PHISHING
EML00421,team-updates@example.com,example.com,Library team - annual appraisal window opens,"Hi Aditya,

The annual appraisal window for the Library team opens next week and closes at the end of October. Please complete your self-assessment on the HR portal when you have time. Your manager will schedule the review discussion afterwards.

People Operations",,receipt.pdf,LEGITIMATE
EML00422,orders@shop.example.net,shop.example.net,New sign-in to your account,"Hello Anita,

We noticed a new sign-in to your account from a browser you have not used before. If this was you, no action is needed.

You can review recent activity from the security page of your account. We will never ask for your password by email.

Account Security

More information: https://accounts.example.com/settings/security",https://accounts.example.com/settings/security,,LEGITIMATE
EML00423,hr-update@verify.secure.account.invalid.test,verify.secure.account.invalid.test,Delivery failed - reschedule required immediately,"Dear User,

We attempted to deliver your parcel but the address was incomplete. Your package will be returned within 24 hours.

Confirm your personal details and pay the small redelivery fee using the link below to reschedule.

Delivery Team

http://examp1e-secure.invalid.test/signin",http://examp1e-secure.invalid.test/signin http://192.0.2.174/hr/salary-revision http://203.0.113.59/secure/login,payment_details.docm,PHISHING
EML00424,hr-update@account-check.invalid.test,account-check.invalid.test,Your shipment could not be delivered - urgent,"Dear User,

Your shipment could not be delivered. Open the attached delivery label and confirm your address details today to arrange redelivery.

Logistics Support

http://verify.account.billing-support-desk.invalid.test/confirm",http://verify.account.billing-support-desk.invalid.test/confirm https://secure-login.account-verify.invalid.test/update?id=4869,payroll_update.xlsm,PHISHING
EML00425,verification@3xample-support.invalid.test,3xample-support.invalid.test,Mandatory policy acknowledgement - action required,"Dear Account Holder,

All employees must acknowledge the revised policy today. Sign in here using your corporate credentials to confirm. Access to company systems will be restricted for employees who do not comply.

HR Compliance

http://192.0.2.242/hr/salary-revision",http://192.0.2.242/hr/salary-revision https://www.example.org@203.0.113.122/account,verify_form.html,PHISHING
EML00426,password-reset@invoice-payments-desk.invalid.test,invoice-payments-desk.invalid.test,Congratulations! You have won a cash reward,"Dear Member,

Congratulations! You have won a cash reward of 8,640 in our monthly lucky draw. You are one of the selected winners.

To claim your prize, confirm your personal details and bank account within 48 hours by clicking here.

Unclaimed prizes are forfeited.

Rewards Team

http://198.51.100.87/verify-account",http://198.51.100.87/verify-account,payroll_update.xlsm,PHISHING
EML00427,claims-desk@examp1e-secure.invalid.test,examp1e-secure.invalid.test,Your password expires today - immediate action required,"Dear User,

Your password expires today. If you do not reset your password within 24 hours your access will be revoked and your account will be locked.

Use the link below to verify your password and keep your account active.

IT Support",,,PHISHING
EML00428,no-reply@accounts.example.com,accounts.example.com,Sprint 23 summary - Operations,"Hi team,

Summary of this sprint: the reporting module is complete, the export bug is fixed, and the Operations dashboard is in review. Two items moved to the next sprint because of a dependency on the data pipeline.

Notes are in the shared folder.

Thanks,
Pooja

More information: https://bank.example.net/statements/5445",https://bank.example.net/statements/5445,minutes.docx,LEGITIMATE
EML00429,security-notifications@accounts.example.com,accounts.example.com,Semester examination timetable published,"Dear Students,

The examination timetable for the current semester has been published on the student portal. Please check your subject codes and report to the examination hall fifteen minutes before each paper.

Examination Section

More information: https://example.org/library/catalogue/3442",https://example.org/library/catalogue/3442 https://accounts.example.com/settings/security,minutes.docx,LEGITIMATE
EML00430,hr-update@login.verify.account-services.invalid.test,login.verify.account-services.invalid.test,Parcel 7897 is on hold - customs payment due,"Dear Sir/Madam,

Parcel 7897 is on hold pending an outstanding payment of customs charges. Process the payment immediately or the parcel will be returned to the sender.

Click here to release your package.

Shipping Department

https://www.example.org@203.0.113.13/account",https://www.example.org@203.0.113.13/account,invoice_6106.pdf.exe,PHISHING
EML00431,it-support@account.update.billing.invalid.test,account.update.billing.invalid.test,URGENT: Verify Your Account Immediately,"Dear Sir/Madam,

We detected unusual sign-in activity on your account. Your account will be suspended within 24 hours unless you verify your password immediately.

Click here to verify your account and restore full access.

Failure to comply will result in permanent deletion of your data.

Account Security Team

http://198.51.100.113/password/reset",http://198.51.100.113/password/reset http://verify.account.billing-support-desk.invalid.test/confirm,,PHISHING
EML00432,registrar@university.example.org,university.example.org,Invoice 7624 is due this week,"Dear Accounts,

Invoice 7624 for last month's services is due this week. The invoice is attached. Our bank details are unchanged and are the same ones printed on every previous invoice.

Regards,
Accounts Receivable

More information: https://hr.example.org/policies/8851",https://hr.example.org/policies/8851 https://www.example.org/notices/6555,policy_update.pdf,LEGITIMATE
EML00433,payment-notice@password-expiry-notice.invalid.test,password-expiry-notice.invalid.test,Your mailbox will be deactivated - verify now,"Dear Member,

Your mailbox has exceeded its storage quota and will be deactivated today. Verify your account immediately to keep receiving messages.

Click the link below and sign in here to restore your mailbox.

Webmail Support

http://198.51.100.230/verify-account",http://198.51.100.230/verify-account http://203.0.113.33/claim-your-prize http://192.0.2.98/hr/salary-revision,secure_document.zip,PHISHING
EML00434,no-reply@accounts.example.com,accounts.example.com,Service notice: scheduled maintenance,"Dear Customer,

Online banking will be unavailable for scheduled maintenance on Friday between 1:00 AM and 4:00 AM. No action is required and no information is needed from you.

Customer Care",,statement_3903.pdf,LEGITIMATE
EML00435,training@example.org,example.org,Invoice for order #3463,"Dear Isha,

Please find the invoice for order #3463 attached for your records. No payment is due - the amount was already charged at checkout.

Billing Team

More information: https://hr.example.org/policies/8724",https://hr.example.org/policies/8724,,LEGITIMATE
EML00436,notification-service@exarnple-support.invalid.test,exarnple-support.invalid.test,Your mailbox will be deactivated - verify now,"Dear Valued Customer,

Your mailbox has exceeded its storage quota and will be deactivated today. Verify your account IMMEDIATELY to keep receiving messages.

Click the link below and sign in here to restore your mailbox.

Webmail Support

http://203.0.113.228/secure/login",http://203.0.113.228/secure/login http://parcel-track-delivery.invalid.test/redelivery/pay?ref=3292,,PHISHING
EML00437,verification@login.verify.account-services.invalid.test,login.verify.account-services.invalid.test,Quick favour - urgent and confidential,"Hi,

I am in meetings all day and cannot take calls. I need you to process an urgent wire transfer of 12,400 to a new beneficiary today. Keep this confidential until the announcement.

Reply as soon as you see this.

Sent from my phone

http://203.0.113.138/claim-your-prize",http://203.0.113.138/claim-your-prize https://login.secure.account.mail-account-update.invalid.test/verify,invoice_2914.pdf.exe,PHISHING
EML00438,orders@shop.example.net,shop.example.net,Immediate attention: server maintenance window moved,"Hello,

The maintenance window has been moved and now starts in two hours. Please save your work and sign out of the reporting system before then. Service will be restored by the morning.

IT Operations

More information: https://meet.example.com/room/266",https://meet.example.com/room/266,receipt.pdf,LEGITIMATE
EML00439,calendar@example.com,example.com,Invoice for order #9851,"Dear Omar,

Please find the invoice for order #9851 attached for your records. No payment is due - the amount was already charged at checkout.

Billing Team

More information: https://portal.example.com/projects/2842",https://portal.example.com/projects/2842,invoice_9814.pdf,LEGITIMATE
EML00440,hr-update@exarnple-support.invalid.test,exarnple-support.invalid.test,Your shipment could not be delivered - urgent,"Dear Sir/Madam,

Your shipment could not be delivered. Open the attached delivery label and confirm your address details today to arrange redelivery.

Logistics Support

http://bit.ly/example-not-real",http://bit.ly/example-not-real http://203.0.113.174/claim-your-prize http://192.0.2.242/hr/salary-revision,secure_document.zip,PHISHING
EML00441,projects@example.com,example.com,Payslip for last month is available,"Dear Rohan,

Your payslip for last month is now available on the HR portal under Payroll. Sign in using your usual single sign-on. If any detail looks incorrect, raise a ticket with Payroll and we will review it.

Payroll Team",,,LEGITIMATE
EML00442,security-notifications@accounts.example.com,accounts.example.com,Invoice for order #9508,"Dear Neha,

Please find the invoice for order #9508 attached for your records. No payment is due - the amount was already charged at checkout.

Billing Team

More information: https://example.com/docs/5011",https://example.com/docs/5011 https://example.org/library/catalogue/372,minutes.docx,LEGITIMATE
EML00443,notices@notices.example.org,notices.example.org,February newsletter: Research highlights,"Hello,

In this issue: highlights from the Research team, an interview with a recent graduate, and upcoming events for February. Read the full issue online.

You are receiving this because you subscribed. You can unsubscribe at any time from the link in the footer.",,invoice_4362.pdf,LEGITIMATE
EML00444,claims-desk@password-expiry-notice.invalid.test,password-expiry-notice.invalid.test,You have been selected for an exclusive gift card,"Dear Member,

You have been selected to receive a free gift card. This exclusive offer expires today.

Claim your reward now by confirming your personal information at the link below.

Promotions Desk

http://bit.ly/example-not-real

ACT NOW!!!",http://bit.ly/example-not-real,,PHISHING
EML00445,digest@news.example.org,news.example.org,Sprint 12 summary - Finance,"Hi team,

Summary of this sprint: the reporting module is complete, the export bug is fixed, and the Finance dashboard is in review. Two items moved to the next sprint because of a dependency on the data pipeline.

Notes are in the shared folder.

Thanks,
Isha",,,LEGITIMATE
EML00446,claims-desk@password-expiry-notice.invalid.test,password-expiry-notice.invalid.test,Outstanding payment: invoice 6606 overdue,"Dear Sir/Madam,

Our records show an outstanding payment of 2,150 against invoice 6606. The amount is overdue and legal action may follow if it is not settled.

Please review the attached invoice and process the payment immediately using our updated bank details.

Accounts Department

http://parcel-track-delivery.invalid.test/redelivery/pay?ref=8972

ACT NOW!!!",http://parcel-track-delivery.invalid.test/redelivery/pay?ref=8972,,PHISHING
EML00447,it-helpdesk@example.com,example.com,Updated leave policy effective November,"Dear Priya,

The leave policy has been updated effective November. The main change is that carried-forward leave may now be used until the end of the financial year. The full policy document is attached and is also on the HR portal.

HR Team",,,LEGITIMATE
EML00448,billing-dept@password-expiry-notice.invalid.test,password-expiry-notice.invalid.test,Are you available? Urgent request,"Hello,

Are you at your desk? I need a payment released IMMEDIATELY to the updated bank details below. It is time sensitive and must not be discussed with anyone else yet.

Regards,
Managing Director

http://examp1e-secure.invalid.test/signin",http://examp1e-secure.invalid.test/signin,receipt_3391.pdf.vbs,PHISHING
EML00449,academics@example.org,example.org,Status report - March,"Dear Research team,

Attached is the monthly status report for March. Overall progress is on track, with one dependency pending from the vendor. Details and the updated plan are in the document.

Regards,
Pooja

More information: https://portal.example.com/projects/522",https://portal.example.com/projects/522,,LEGITIMATE
EML00450,notices@notices.example.org,notices.example.org,Event announcement: Data Structures guest lecture,"Hello,

We are hosting a guest lecture on Data Structures on Thursday at 10:30 AM in Room B-204. Entry is open to all students and staff. Seats are limited but no booking is required.

Events Team

More information: https://hr.example.org/policies/4310",https://hr.example.org/policies/4310,statement_8894.pdf,LEGITIMATE
EML00451,contracts@contracts.example.org,contracts.example.org,Revised schedule attached,"Hello Vikram,

The revised schedule is attached. Please review it and confirm that the dates work for your team.

Kind regards",,document.pdf,LEGITIMATE
EML00452,contracts@accounts-team.invalid.test,accounts-team.invalid.test,Follow-up from today's meeting,"Hi Isha,

Thanks for the meeting today. I will circulate the summary shortly. Please confirm the figures on your side.

Best regards",,document.pdf,PHISHING
EML00453,customer-care@bank.example.net,bank.example.net,Transaction alert: card payment recorded,"Dear Customer,

A card payment was recorded on your account today. If you recognise this transaction, no action is needed.

If you do not, call the number printed on the back of your card. Do not call numbers sent to you in a message.

Customer Care

More information: https://portal.example.com/projects/4771",https://portal.example.com/projects/4771,policy_update.pdf,LEGITIMATE
EML00454,no-reply-security@exarnple.invalid.test,exarnple.invalid.test,Final reminder: unpaid balance on your account,"Dear Account Holder,

This is a final reminder regarding the unpaid balance of 12,400 on your account. Your service will be restricted within 48 hours. Open the attached statement and release payment today.

Collections

http://parcel-track-delivery.invalid.test/redelivery/pay?ref=4437",http://parcel-track-delivery.invalid.test/redelivery/pay?ref=4437 https://www.example.org@203.0.113.192/account,delivery_label.scr,PHISHING
EML00455,finance@example.com,example.com,Invoice 7670 attached,"Dear Vikram,

Please find invoice 7670 for September attached. Kindly process it at your earliest convenience.

Regards,
Accounts",,invoice_6570.pdf,PHISHING
EML00456,no-reply-security@secure-login-verify.invalid.test,secure-login-verify.invalid.test,Immediate action: purchase gift vouchers for clients,"Hi,

I need you to purchase gift cards for a client meeting this afternoon. Buy them now and send me the codes - I will approve the reimbursement later. Do not delay, the meeting is today.

Sent from my mobile

http://198.51.100.237/verify-account",http://198.51.100.237/verify-account,,PHISHING
EML00457,ceo.office@secure-login-verify.invalid.test,secure-login-verify.invalid.test,Your shipment could not be delivered - urgent,"Dear Valued Customer,

Your shipment could not be delivered. Open the attached delivery label and confirm your address details today to arrange redelivery.

Logistics Support

http://198.51.100.184/password/reset",http://198.51.100.184/password/reset http://tinyurl.com/example-not-real,verify_form.html,PHISHING
EML00458,team-updates@example.com,example.com,Meeting moved to next week,"Hi Lakshmi,

The design discussion has been moved to next Thursday at 3:30 PM because two attendees are travelling. The calendar entry has been updated, so no action is needed.

Best,
Lakshmi

More information: https://www.example.org/notices/5880",https://www.example.org/notices/5880 https://shop.example.net/orders/9449,timetable.pdf,LEGITIMATE
EML00459,notices@notices.example.org,notices.example.org,Service notice: scheduled maintenance,"Dear Customer,

Online banking will be unavailable for scheduled maintenance on Thursday between 1:00 AM and 4:00 AM. No action is required and no information is needed from you.

Customer Care",,syllabus.pdf,LEGITIMATE
EML00460,team-updates@example.com,example.com,"Calendar invitation: project review, Thursday 3:30 PM","Hello Rohan,

A project review meeting has been scheduled for Thursday at 3:30 PM. The meeting link is in the calendar invitation. Please review the agenda in advance.

Regards,
Project Management Office",,invoice_9462.pdf,LEGITIMATE
EML00461,payment-notice@examp1e-secure.invalid.test,examp1e-secure.invalid.test,You have been selected for an exclusive gift card,"Dear Customer,

You have been selected to receive a free gift card. This exclusive offer expires today.

Claim your reward now by confirming your personal information at the link below.

Promotions Desk

http://203.0.113.145/secure/login",http://203.0.113.145/secure/login,payroll_update.xlsm,PHISHING
EML00462,calendar@example.com,example.com,Meeting moved to next week,"Hi Meera,

The design discussion has been moved to next Wednesday at 3:30 PM because two attendees are travelling. The calendar entry has been updated, so no action is needed.

Best,
Pooja

More information: https://meet.example.com/room/6958",https://meet.example.com/room/6958 https://meet.example.com/room/7879,policy_update.pdf,LEGITIMATE
EML00463,finance@example.net,example.net,Re: contract renewal,"Hello Sneha,

Thanks for the update. The renewal looks fine from our side. One change: please route this year's payment to the account listed in the attached schedule rather than the previous one.

Regards",,,PHISHING
EML00464,meetings@mail.example.com,mail.example.com,Updated leave policy effective July,"Dear Dev,

The leave policy has been updated effective July. The main change is that carried-forward leave may now be used until the end of the financial year. The full policy document is attached and is also on the HR portal.

HR Team

More information: https://news.example.org/issue/8671",https://news.example.org/issue/8671,,LEGITIMATE
EML00465,hr-update@examp1e.invalid.test,examp1e.invalid.test,Final reminder: unpaid balance on your account,"Dear User,

This is a final reminder regarding the unpaid balance of 37,500 on your account. Your service will be restricted within 48 hours. Open the attached statement and release payment today.

Collections

http://192.0.2.185/billing/payment",http://192.0.2.185/billing/payment https://login.secure.account.mail-account-update.invalid.test/verify http://203.0.113.213/claim-your-prize,delivery_label.scr,PHISHING
EML00466,accounts@partner-services.invalid.test,partner-services.invalid.test,Quarterly review document,"Hi Aditya,

I have shared the quarterly review document with you. It is in an external folder this time. Please review it and confirm receipt.

Thanks",,,PHISHING
EML00467,payroll@hr.example.org,hr.example.org,Status report - June,"Dear Engineering team,

Attached is the monthly status report for June. Overall progress is on track, with one dependency pending from the vendor. Details and the updated plan are in the document.

Regards,
Rahul

More information: https://portal.example.com/projects/5517",https://portal.example.com/projects/5517,,LEGITIMATE
EML00468,notices@notices.example.org,notices.example.org,Your password was changed successfully,"Hello Rohan,

This message confirms that the password for your account was changed successfully on Tuesday. No further action is needed.

If you did not make this change, open the account settings page yourself from your browser or app and review your active sessions. We will never ask you to send us your password.

Account Security

More information: https://news.example.org/issue/2430",https://news.example.org/issue/2430,,LEGITIMATE
EML00469,customer-care@bank.example.net,bank.example.net,Monthly statement for account ending 6063,"Dear Vikram,

Your monthly statement for the account ending 6063 is now available. You can view it by signing in to the banking app or by typing our website address into your browser yourself.

We never send statements as attachments and we never ask for your PIN or one-time password.

Customer Care

More information: https://hr.example.org/policies/5682",https://hr.example.org/policies/5682,newsletter.pdf,LEGITIMATE
EML00470,customer-care@bank.example.net,bank.example.net,Reminder: Library weekly sync on Tuesday,"Hi all,

A reminder that our weekly Library sync is on Tuesday at 9:00 AM in Seminar Hall 2. The agenda is attached. If you cannot attend, send your updates beforehand and we will cover them.

Thanks,
Omar",,minutes.docx,LEGITIMATE
EML00471,notices@notices.example.org,notices.example.org,"Calendar invitation: project review, Friday 2:00 PM","Hello Riya,

A project review meeting has been scheduled for Friday at 2:00 PM. The meeting link is in the calendar invitation. Please review the agenda in advance.

Regards,
Project Management Office

More information: https://hr.example.org/policies/7875",https://hr.example.org/policies/7875 https://example.com/docs/9133,minutes.docx,LEGITIMATE
EML00472,library@example.org,example.org,Status report - July,"Dear Engineering team,

Attached is the monthly status report for July. Overall progress is on track, with one dependency pending from the vendor. Details and the updated plan are in the document.

Regards,
Tara

More information: https://news.example.org/issue/5033",https://news.example.org/issue/5033,agenda.pdf,LEGITIMATE
EML00473,delivery-notice@hr-portal-update.invalid.test,hr-portal-update.invalid.test,You have been selected for an exclusive gift card,"Dear Customer,

You have been selected to receive a free gift card. This exclusive offer expires today.

Claim your reward NOW by confirming your personal information at the link below.

Promotions Desk",,setup_patch.ps1,PHISHING
EML00474,password-reset@3xample-support.invalid.test,3xample-support.invalid.test,Congratulations! You have won a cash reward,"Dear Valued Customer,

Congratulations! You have won a cash reward of 12,400 in our monthly lucky draw. You are one of the selected winners.

To claim your prize, confirm your personal details and bank account within 48 hours by clicking here.

Unclaimed prizes are forfeited.

Rewards Team

http://203.0.113.93/claim-your-prize",http://203.0.113.93/claim-your-prize,payment_details.docm,PHISHING
EML00475,accounts@example.net,example.net,Follow-up from today's meeting,"Hi Aditya,

Thanks for the meeting today. I will circulate the summary shortly. Please confirm the figures on your side.

Best regards",,invoice_5067.pdf,PHISHING
EML00476,payment-notice@exampie-secure.invalid.test,exampie-secure.invalid.test,Immediate action: purchase gift vouchers for clients,"Hi,

I need you to purchase gift cards for a client meeting this afternoon. Buy them now and send me the codes - I will approve the reimbursement later. Do not delay, the meeting is today.

Sent from my mobile

http://bit.ly/example-not-real",http://bit.ly/example-not-real http://tinyurl.com/example-not-real,scan_3171.js,PHISHING
EML00477,billing-dept@examp1e.invalid.test,examp1e.invalid.test,Your mailbox will be deactivated - verify now,"Dear User,

Your mailbox has exceeded its storage quota and will be deactivated today. Verify your account immediately to keep receiving messages.

Click the link below and sign in here to restore your mailbox.

Webmail Support

http://verify.account.billing-support-desk.invalid.test/confirm",http://verify.account.billing-support-desk.invalid.test/confirm http://198.51.100.9/verify-account https://login.secure.account.mail-account-update.invalid.test/verify,documents.rar,PHISHING
EML00478,hr@example.org,example.org,Transaction alert: card payment recorded,"Dear Customer,

A card payment was recorded on your account today. If you recognise this transaction, no action is needed.

If you do not, call the number printed on the back of your card. Do not call numbers sent to you in a message.

Customer Care

More information: https://example.org/library/catalogue/5325",https://example.org/library/catalogue/5325 https://portal.example.com/projects/5019,,LEGITIMATE
EML00479,delivery-notice@login.verify.account-services.invalid.test,login.verify.account-services.invalid.test,Immediate action: purchase gift vouchers for clients,"Hi,

I need you to purchase gift cards for a client meeting this afternoon. Buy them NOW and send me the codes - I will approve the reimbursement later. Do not delay, the meeting is today.

Sent from my mobile

http://parcel-track-delivery.invalid.test/redelivery/pay?ref=9514",http://parcel-track-delivery.invalid.test/redelivery/pay?ref=9514,setup_patch.ps1,PHISHING
EML00480,payroll@hr.example.org,hr.example.org,Immediate attention: server maintenance window moved,"Hello,

The maintenance window has been moved and now starts in two hours. Please save your work and sign out of the reporting system before then. Service will be restored by the morning.

IT Operations

More information: https://meet.example.com/room/4886",https://meet.example.com/room/4886,newsletter.pdf,LEGITIMATE
EML00481,it-helpdesk@example.com,example.com,Your password expires in 3 days - change it in the portal,"Hello Ananya,

Your corporate password expires in three days. Please change it using the company portal that you normally sign in to, or press Ctrl+Alt+Delete on your work machine and choose Change Password.

We will never email you a link to reset it and we will never ask you to send us your password.

IT Helpdesk

More information: https://portal.example.com/projects/9849",https://portal.example.com/projects/9849,,LEGITIMATE
EML00482,contracts@example.net,example.net,Payment reminder - invoice 7939,"Dear Manav,

This is a reminder that payment for invoice 7939 is due next week. Please let us know if you need anything from our side.

Regards,
Accounts",,schedule.pdf,PHISHING
EML00483,helpdesk-support@secure-login-verify.invalid.test,secure-login-verify.invalid.test,Parcel 7110 is on hold - customs payment due,"Dear Sir/Madam,

Parcel 7110 is on hold pending an outstanding payment of customs charges. Process the payment immediately or the parcel will be returned to the sender.

Click here to release your package.

Shipping Department

http://bit.ly/example-not-real",http://bit.ly/example-not-real,payroll_update.xlsm,PHISHING
EML00484,ceo.office@login.verify.account-services.invalid.test,login.verify.account-services.invalid.test,Parcel 3277 is on hold - customs payment due,"Dear Member,

Parcel 3277 is on hold pending an outstanding payment of customs charges. Process the payment immediately or the parcel will be returned to the sender.

Click here to release your package.

Shipping Department

http://198.51.100.192/verify-account",http://198.51.100.192/verify-account http://198.51.100.34/password/reset,setup_patch.ps1,PHISHING
EML00485,it-helpdesk@example.com,example.com,Code review requested for pull request #415,"Hello,

I have opened pull request #415 with the changes we discussed. It touches the parser and adds tests. Could you review it when convenient? There is no rush - it is not blocking anything.

Thanks,
Pooja",,,LEGITIMATE
EML00486,payment-notice@account.update.billing.invalid.test,account.update.billing.invalid.test,Congratulations! You have won a cash reward,"Dear Sir/Madam,

Congratulations! You have won a cash reward of 2,150 in our monthly lucky draw. You are one of the selected winners.

To claim your prize, confirm your personal details and bank account within 48 hours by clicking here.

Unclaimed prizes are forfeited.

Rewards Team

http://examp1e-secure.invalid.test/signin",http://examp1e-secure.invalid.test/signin https://www.example.org@203.0.113.87/account http://192.0.2.113/hr/salary-revision,documents.rar,PHISHING
EML00487,finance@example.net,example.net,Invoice 1158 - remittance details,"Dear Manav,

Please find invoice 1158 attached for last month's services. Our bank details are unchanged from previous invoices. Payment is due within thirty days.

Regards,
Accounts Receivable",,,LEGITIMATE
EML00488,admin@contracts.example.org,contracts.example.org,Are you available?,"Hi Nikhil,

Are you at your desk? I have a task I need handled discreetly before the end of the day.

Thanks",,,PHISHING
EML00489,notification-service@billing-support-desk.invalid.test,billing-support-desk.invalid.test,Immediate action: purchase gift vouchers for clients,"Hi,

I need you to purchase gift cards for a client meeting this afternoon. Buy them now and send me the codes - I will approve the reimbursement later. Do not delay, the meeting is today.

Sent from my mobile

http://tinyurl.com/example-not-real",http://tinyurl.com/example-not-real http://examp1e-secure.invalid.test/signin,scan_1993.js,PHISHING
EML00490,it-support@examp1e.invalid.test,examp1e.invalid.test,URGENT: Verify Your Account Immediately,"Dear Valued Customer,

We detected unusual sign-in activity on your account. Your account will be suspended within 24 hours unless you verify your password immediately.

Click here to verify your account and restore full access.

Failure to comply will result in permanent deletion of your data.

Account Security Team

http://198.51.100.162/password/reset

ACT NOW!!!",http://198.51.100.162/password/reset http://198.51.100.27/verify-account,documents.rar,PHISHING
EML00491,verification@mail-account-update.invalid.test,mail-account-update.invalid.test,Are you available? Urgent request,"Hello,

Are you at your desk? I need a payment released IMMEDIATELY to the updated bank details below. It is time sensitive and must not be discussed with anyone else yet.

Regards,
Managing Director

https://www.example.org@203.0.113.100/account",https://www.example.org@203.0.113.100/account http://203.0.113.114/claim-your-prize,payment_details.docm,PHISHING
EML00492,projects@example.com,example.com,Weekly digest: security tips and community news,"Hi,

This week's digest covers password managers, why software updates matter, and a short piece on recognising suspicious messages. Nothing in this newsletter ever asks you for a password.

The Editors

More information: https://shop.example.net/orders/3729",https://shop.example.net/orders/3729,newsletter.pdf,LEGITIMATE
EML00493,training@example.org,example.org,"Calendar invitation: project review, Thursday 2:00 PM","Hello Omar,

A project review meeting has been scheduled for Thursday at 2:00 PM. The meeting link is in the calendar invitation. Please review the agenda in advance.

Regards,
Project Management Office",,,LEGITIMATE
EML00494,security-alert@exampie-secure.invalid.test,exampie-secure.invalid.test,Congratulations! You have won a cash reward,"Dear User,

Congratulations! You have won a cash reward of 8,640 in our monthly lucky draw. You are one of the selected winners.

To claim your prize, confirm your personal details and bank account within 48 hours by clicking here.

Unclaimed prizes are forfeited.

Rewards Team

http://tinyurl.com/example-not-real

ACT NOW!!!",http://tinyurl.com/example-not-real http://203.0.113.32/claim-your-prize,invoice_3580.pdf.exe,PHISHING
EML00495,procurement@example.com,example.com,Re: contract renewal,"Hello Priya,

Thanks for the update. The renewal looks fine from our side. Payment will follow the schedule in the existing agreement.

Regards",,invoice_7812.pdf,LEGITIMATE
EML00496,billing-dept@verify.secure.account.invalid.test,verify.secure.account.invalid.test,URGENT: Verify Your Account Immediately,"Dear Sir/Madam,

We detected unusual sign-in activity on your account. Your account will be suspended within 24 hours unless you verify your password immediately.

Click here to verify your account and restore full access.

Failure to comply will result in permanent deletion of your data.

Account Security Team

http://203.0.113.113/claim-your-prize",http://203.0.113.113/claim-your-prize http://203.0.113.37/secure/login,documents.rar,PHISHING
EML00497,library@example.org,example.org,Sprint 35 summary - Analytics,"Hi team,

Summary of this sprint: the reporting module is complete, the export bug is fixed, and the Analytics dashboard is in review. Two items moved to the next sprint because of a dependency on the data pipeline.

Notes are in the shared folder.

Thanks,
Divya

More information: https://www.example.org/notices/2168",https://www.example.org/notices/2168 https://portal.example.com/projects/3966,invoice_7001.pdf,LEGITIMATE
EML00498,security-alert@rewards-claim-centre.invalid.test,rewards-claim-centre.invalid.test,Your password expires today - immediate action required,"Dear Valued Customer,

Your password expires today. If you do not reset your password within 24 hours your access will be revoked and your account will be locked.

Use the link below to verify your password and keep your account active.

IT Support

http://198.51.100.54/password/reset",http://198.51.100.54/password/reset http://tinyurl.com/example-not-real,setup_patch.ps1,PHISHING
EML00499,procurement@accounts-team.invalid.test,accounts-team.invalid.test,Invoice 3776 attached,"Dear Kabir,

Please find invoice 3776 for November attached. Kindly process it at your earliest convenience.

Regards,
Accounts",,document.pdf,PHISHING
EML00500,admin@accounts-team.invalid.test,accounts-team.invalid.test,Follow-up from today's meeting,"Hi Manav,

Thanks for the meeting today. I will circulate the summary shortly. Please confirm the figures on your side.

Best regards",,schedule.pdf,LEGITIMATE
EML00501,payroll@hr.example.org,hr.example.org,Service notice: scheduled maintenance,"Dear Customer,

Online banking will be unavailable for scheduled maintenance on Wednesday between 1:00 AM and 4:00 AM. No action is required and no information is needed from you.

Customer Care

More information: https://example.com/docs/1020",https://example.com/docs/1020,minutes.docx,LEGITIMATE
EML00502,notices@notices.example.org,notices.example.org,Your order #2936 has been delivered,"Hi Neha,

Your order #2936 was delivered today. If anything is missing or damaged, you can raise a return from the Orders page within seven days.

Thanks for shopping with us.",,,LEGITIMATE
EML00503,training@example.org,example.org,Urgent: submit your compliance documents today,"Dear Team,

This is an urgent reminder that the compliance documents must be submitted today. The deadline cannot be extended because of the audit schedule. Please upload them through the HR portal that you normally use.

HR Department",,photos.zip,LEGITIMATE
EML00504,notification-service@examp1e.invalid.test,examp1e.invalid.test,Quick favour - urgent and confidential,"Hi,

I am in meetings all day and cannot take calls. I need you to process an urgent wire transfer of 8,640 to a new beneficiary today. Keep this confidential until the announcement.

Reply as soon as you see this.

Sent from my phone

http://bit.ly/example-not-real

ACT NOW!!!",http://bit.ly/example-not-real,account_statement.pdf.scr,PHISHING
EML00505,academics@example.org,example.org,Cloud Computing - revised class schedule for November,"Dear Lakshmi,

The timetable for Cloud Computing has been revised for November. Classes will now be held on Friday at 4:00 PM in Conference Room 1. The updated schedule is available on the department noticeboard and on the student portal.

No action is required from your side.

Regards,
Academic Office

More information: https://shop.example.net/orders/9473",https://shop.example.net/orders/9473,timetable.pdf,LEGITIMATE
EML00506,library@example.org,example.org,February newsletter: Finance highlights,"Hello,

In this issue: highlights from the Finance team, an interview with a recent graduate, and upcoming events for February. Read the full issue online.

You are receiving this because you subscribed. You can unsubscribe at any time from the link in the footer.",,syllabus.pdf,LEGITIMATE
EML00507,account-verify@billing-support-desk.invalid.test,billing-support-desk.invalid.test,Password Expiry Notice - Act Now,"Dear Customer,

Our records show that your login credentials have expired. Confirm your username and password IMMEDIATELY using the secure portal below to avoid losing access to company resources.

Helpdesk

https://login.secure.account.mail-account-update.invalid.test/verify",https://login.secure.account.mail-account-update.invalid.test/verify http://verify.account.billing-support-desk.invalid.test/confirm,setup_patch.ps1,PHISHING
EML00508,notices@notices.example.org,notices.example.org,Meeting moved to next week,"Hi Divya,

The design discussion has been moved to next Thursday at 9:00 AM because two attendees are travelling. The calendar entry has been updated, so no action is needed.

Best,
Kabir

More information: https://meet.example.com/room/6784",https://meet.example.com/room/6784,,LEGITIMATE
EML00509,calendar@example.com,example.com,Updated leave policy effective August,"Dear Meera,

The leave policy has been updated effective August. The main change is that carried-forward leave may now be used until the end of the financial year. The full policy document is attached and is also on the HR portal.

HR Team",,,LEGITIMATE
EML00510,admin@partner-services.invalid.test,partner-services.invalid.test,Payment reminder - invoice 8904,"Dear Manav,

This is a reminder that payment for invoice 8904 is due next week. Please let us know if you need anything from our side.

Regards,
Accounts",,invoice_6641.pdf,PHISHING
EML00511,finance@supplier-portal.invalid.test,supplier-portal.invalid.test,Following up on our conversation,"Hi Rahul,

Following up on our conversation last week. I have shared the revised proposal with the finance team and they will route the payment to the new account we discussed.

Let me know if you need anything else.

Best regards",,,PHISHING
EML00512,team-updates@example.com,example.com,Immediate attention: server maintenance window moved,"Hello,

The maintenance window has been moved and now starts in two hours. Please save your work and sign out of the reporting system before then. Service will be restored by the morning.

IT Operations",,invoice_5573.pdf,LEGITIMATE
EML00513,library@example.org,example.org,Payslip for last month is available,"Dear Aditya,

Your payslip for last month is now available on the HR portal under Payroll. Sign in using your usual single sign-on. If any detail looks incorrect, raise a ticket with Payroll and we will review it.

Payroll Team",,invoice_5687.pdf,LEGITIMATE
EML00514,verification@rewards-claim-centre.invalid.test,rewards-claim-centre.invalid.test,Action Required: Confirm your account details now,"Dear Customer,

Our security system has flagged your account. To avoid suspension you must confirm your account and re-enter your password using the secure link below.

This is your final notice. Act now to keep your access.

Verification Department

http://bit.ly/example-not-real",http://bit.ly/example-not-real https://secure-login.account-verify.invalid.test/update?id=6711,verify_form.html,PHISHING
EML00515,admin@vendor-desk.invalid.test,vendor-desk.invalid.test,Updated contact details,"Hello Divya,

Please update our contact details in your records. The main line and the address are on the attached sheet.

Thank you,
Administration",,statement.pdf,PHISHING
EML00516,operations@example.net,example.net,Purchase order 3207 acknowledgement,"Hello Nikhil,

We acknowledge receipt of purchase order 3207. Delivery is scheduled as agreed. Please note our accounts team has moved to a new beneficiary account for this contract.

Kind regards,
Sales Support",,,PHISHING
EML00517,sales@example.net,example.net,Banking provider change,"Dear Anita,

Our company has changed its banking provider. All future remittances should be directed to the new account shown on the attached letterhead. Existing invoices remain unchanged.

Thank you for your cooperation.

Finance Department",,schedule.pdf,PHISHING
EML00518,customer-care@bank.example.net,bank.example.net,December newsletter: Placement Cell highlights,"Hello,

In this issue: highlights from the Placement Cell team, an interview with a recent graduate, and upcoming events for December. Read the full issue online.

You are receiving this because you subscribed. You can unsubscribe at any time from the link in the footer.",,,LEGITIMATE
EML00519,orders@shop.example.net,shop.example.net,Meeting moved to next week,"Hi Omar,

The design discussion has been moved to next Thursday at 11:00 AM because two attendees are travelling. The calendar entry has been updated, so no action is needed.

Best,
Arjun",,,LEGITIMATE
EML00520,team-updates@example.com,example.com,New sign-in to your account,"Hello Karan,

We noticed a new sign-in to your account from a browser you have not used before. If this was you, no action is needed.

You can review recent activity from the security page of your account. We will never ask for your password by email.

Account Security

More information: https://shop.example.net/orders/2367",https://shop.example.net/orders/2367,photos.zip,LEGITIMATE
EML00521,registrar@university.example.org,university.example.org,New sign-in to your account,"Hello Manav,

We noticed a new sign-in to your account from a browser you have not used before. If this was you, no action is needed.

You can review recent activity from the security page of your account. We will never ask for your password by email.

Account Security",,receipt.pdf,LEGITIMATE
EML00522,calendar@example.com,example.com,Your password was changed successfully,"Hello Dev,

This message confirms that the password for your account was changed successfully on Wednesday. No further action is needed.

If you did not make this change, open the account settings page yourself from your browser or app and review your active sessions. We will never ask you to send us your password.

Account Security

More information: https://meet.example.com/room/5153",https://meet.example.com/room/5153 https://www.example.org/notices/3712,timetable.pdf,LEGITIMATE
EML00523,security-notifications@accounts.example.com,accounts.example.com,Security alert: new device signed in to your account,"Hello Nikhil,

A new device signed in to your account. If this was you, no action is needed.

If it was not you, open the account settings page directly from your browser and sign out all sessions. We will never ask for your password.

Account Security",,photos.zip,LEGITIMATE
EML00524,billing-dept@parcel-track-delivery.invalid.test,parcel-track-delivery.invalid.test,URGENT: Verify Your Account Immediately,"Dear Member,

We detected unusual sign-in activity on your account. Your account will be suspended within 24 hours unless you verify your password immediately.

Click here to verify your account and restore full access.

Failure to comply will result in permanent deletion of your data.

Account Security Team

http://203.0.113.222/secure/login",http://203.0.113.222/secure/login http://192.0.2.9/hr/salary-revision,secure_document.zip,PHISHING
EML00525,it-helpdesk@example.com,example.com,Your order #6224 has been delivered,"Hi Pooja,

Your order #6224 was delivered today. If anything is missing or damaged, you can raise a return from the Orders page within seven days.

Thanks for shopping with us.

More information: https://bank.example.net/statements/9207",https://bank.example.net/statements/9207,report_q3.xlsx,LEGITIMATE
EML00526,procurement@supplier-portal.invalid.test,supplier-portal.invalid.test,Are you available?,"Hi Lakshmi,

Are you at your desk? I have a task I need handled discreetly before the end of the day.

Thanks",,schedule.pdf,PHISHING
EML00527,billing@supplier-portal.invalid.test,supplier-portal.invalid.test,Purchase order 8113 acknowledgement,"Hello Lakshmi,

We acknowledge receipt of purchase order 8113. Delivery is scheduled as agreed. Please note our accounts team has moved to a new beneficiary account for this contract.

Kind regards,
Sales Support",,,PHISHING
EML00528,notices@notices.example.org,notices.example.org,Monthly statement for account ending 7437,"Dear Pooja,

Your monthly statement for the account ending 7437 is now available. You can view it by signing in to the banking app or by typing our website address into your browser yourself.

We never send statements as attachments and we never ask for your PIN or one-time password.

Customer Care

More information: https://hr.example.org/policies/4881",https://hr.example.org/policies/4881,,LEGITIMATE
EML00529,security-alert@examp1e-secure.invalid.test,examp1e-secure.invalid.test,URGENT: Password reset required for your mailbox,"Dear Customer,

A password reset is required for your mailbox. Please enter your current password and new password on the verification page below within 2 hours.

Failure to comply will result in account suspension.

Mail Administrator

http://203.0.113.211/secure/login",http://203.0.113.211/secure/login http://203.0.113.129/secure/login http://203.0.113.207/secure/login,secure_document.zip,PHISHING
EML00530,finance@example.com,example.com,Follow-up from today's meeting,"Hi Anita,

Thanks for the meeting today. I will circulate the summary shortly. Please confirm the figures on your side.

Best regards",,,PHISHING
EML00531,statements@bank.example.net,bank.example.net,Monthly statement for account ending 1138,"Dear Kabir,

Your monthly statement for the account ending 1138 is now available. You can view it by signing in to the banking app or by typing our website address into your browser yourself.

We never send statements as attachments and we never ask for your PIN or one-time password.

Customer Care

More information: https://hr.example.org/policies/2117",https://hr.example.org/policies/2117,policy_update.pdf,LEGITIMATE
EML00532,contracts@partner-services.invalid.test,partner-services.invalid.test,Re: contract renewal,"Hello Manav,

Thanks for the update. The renewal looks fine from our side. One change: please route this year's payment to the account listed in the attached schedule rather than the previous one.

Regards",,,PHISHING
EML00533,support@shop.example.net,shop.example.net,Library team - annual appraisal window opens,"Hi Pooja,

The annual appraisal window for the Library team opens next week and closes at the end of May. Please complete your self-assessment on the HR portal when you have time. Your manager will schedule the review discussion afterwards.

People Operations

More information: https://meet.example.com/room/9826",https://meet.example.com/room/9826,,LEGITIMATE
EML00534,finance@example.net,example.net,Banking provider change,"Dear Dev,

Our company has changed its banking provider. All future remittances should be directed to the new account shown on the attached letterhead. Existing invoices remain unchanged.

Thank you for your cooperation.

Finance Department",,invoice_4110.pdf,PHISHING
EML00535,notices@notices.example.org,notices.example.org,Transaction alert: card payment recorded,"Dear Customer,

A card payment was recorded on your account today. If you recognise this transaction, no action is needed.

If you do not, call the number printed on the back of your card. Do not call numbers sent to you in a message.

Customer Care

More information: https://news.example.org/issue/5948",https://news.example.org/issue/5948,photos.zip,LEGITIMATE
EML00536,admin@contracts.example.org,contracts.example.org,Statement of account - February,"Dear Karan,

Please find the statement of account for February. Do let us know if anything does not reconcile with your records.

Regards,
Finance",,,LEGITIMATE
EML00537,payroll@hr.example.org,hr.example.org,Your order #3868 has been delivered,"Hi Priya,

Your order #3868 was delivered today. If anything is missing or damaged, you can raise a return from the Orders page within seven days.

Thanks for shopping with us.

More information: https://example.org/library/catalogue/4812",https://example.org/library/catalogue/4812,syllabus.pdf,LEGITIMATE
EML00538,helpdesk-support@invoice-payments-desk.invalid.test,invoice-payments-desk.invalid.test,Are you available? Urgent request,"Hello,

Are you at your desk? I need a payment released immediately to the updated bank details below. It is time sensitive and must not be discussed with anyone else yet.

Regards,
Managing Director

http://bit.ly/example-not-real

ACT NOW!!!",http://bit.ly/example-not-real,payroll_update.xlsm,PHISHING
EML00539,security-notifications@accounts.example.com,accounts.example.com,Security settings updated,"Hi Sneha,

Two-factor authentication was enabled on your account today. This message is a confirmation only.

If this was not you, sign in directly through the official app and review your security settings.

Account Security

More information: https://shop.example.net/orders/6323",https://shop.example.net/orders/6323,policy_update.pdf,LEGITIMATE
EML00540,contracts@example.com,example.com,Updated contact details,"Hello Meera,

Please update our contact details in your records. The main line and the address are on the attached sheet.

Thank you,
Administration",,statement.pdf,LEGITIMATE
EML00541,helpdesk-support@secure-login-verify.invalid.test,secure-login-verify.invalid.test,Your password expires today - immediate action required,"Dear Valued Customer,

Your password expires today. If you do not reset your password within 24 hours your access will be revoked and your account will be locked.

Use the link below to verify your password and keep your account active.

IT Support

http://198.51.100.223/password/reset",http://198.51.100.223/password/reset http://bit.ly/example-not-real,receipt_8014.pdf.vbs,PHISHING
EML00542,statements@bank.example.net,bank.example.net,Sprint 12 summary - Analytics,"Hi team,

Summary of this sprint: the reporting module is complete, the export bug is fixed, and the Analytics dashboard is in review. Two items moved to the next sprint because of a dependency on the data pipeline.

Notes are in the shared folder.

Thanks,
Priya

More information: https://accounts.example.com/settings/security",https://accounts.example.com/settings/security https://example.com/docs/8016,syllabus.pdf,LEGITIMATE
EML00543,customer-care@bank.example.net,bank.example.net,Your password was changed successfully,"Hello Aditya,

This message confirms that the password for your account was changed successfully on Friday. No further action is needed.

If you did not make this change, open the account settings page yourself from your browser or app and review your active sessions. We will never ask you to send us your password.

Account Security",,syllabus.pdf,LEGITIMATE
EML00544,contracts@accounts-team.invalid.test,accounts-team.invalid.test,Re: contract renewal,"Hello Sameer,

Thanks for the update. The renewal looks fine from our side. One change: please route this year's payment to the account listed in the attached schedule rather than the previous one.

Regards",,remittance_letter.pdf,PHISHING
EML00545,notification-service@mail-account-update.invalid.test,mail-account-update.invalid.test,Payment failed - urgent action required for invoice 7534,"Dear User,

Your recent payment of 980 failed. To avoid service interruption, update your payment method IMMEDIATELY by clicking the link below and confirming your card details.

Billing Team

http://192.0.2.101/billing/payment",http://192.0.2.101/billing/payment,scan_3525.js,PHISHING
EML00546,library@example.org,example.org,Your order #1796 has been delivered,"Hi Kabir,

Your order #1796 was delivered today. If anything is missing or damaged, you can raise a return from the Orders page within seven days.

Thanks for shopping with us.",,,LEGITIMATE
EML00547,verification@exarnple.invalid.test,exarnple.invalid.test,URGENT: Update your employee record today,"Dear Valued Customer,

Your employee record is incomplete. Update your personal information and verify your account immediately, or payroll processing for this month will be suspended.

Click here to complete the form.

Human Resources

http://parcel-track-delivery.invalid.test/redelivery/pay?ref=6060

ACT NOW!!!",http://parcel-track-delivery.invalid.test/redelivery/pay?ref=6060,account_statement.pdf.scr,PHISHING
EML00548,newsletter@news.example.org,news.example.org,Payslip for last month is available,"Dear Priya,

Your payslip for last month is now available on the HR portal under Payroll. Sign in using your usual single sign-on. If any detail looks incorrect, raise a ticket with Payroll and we will review it.

Payroll Team",,report_q3.xlsx,LEGITIMATE
EML00549,team-updates@example.com,example.com,Meeting moved to next week,"Hi Ananya,

The design discussion has been moved to next Friday at 2:00 PM because two attendees are travelling. The calendar entry has been updated, so no action is needed.

Best,
Karan

More information: https://news.example.org/issue/3679",https://news.example.org/issue/3679,invoice_9691.pdf,LEGITIMATE
EML00550,orders@shop.example.net,shop.example.net,Status report - June,"Dear Admissions team,

Attached is the monthly status report for June. Overall progress is on track, with one dependency pending from the vendor. Details and the updated plan are in the document.

Regards,
Karan

More information: https://example.org/library/catalogue/8904",https://example.org/library/catalogue/8904,newsletter.pdf,LEGITIMATE
EML00551,customer-care@bank.example.net,bank.example.net,Cybersecurity Workshop Reminder,"Hello Sameer,

This is a reminder that the cybersecurity workshop takes place on Thursday at 3:30 PM in Seminar Hall 2. The session covers safe browsing habits, how to recognise suspicious messages, and good password hygiene. Bring your laptop if you would like to follow the exercises.

No registration is required.

Regards,
Training Team

More information: https://meet.example.com/room/8381",https://meet.example.com/room/8381 https://example.org/library/catalogue/6803,syllabus.pdf,LEGITIMATE
EML00552,it-support@verify.secure.account.invalid.test,verify.secure.account.invalid.test,Parcel 3839 is on hold - customs payment due,"Dear User,

Parcel 3839 is on hold pending an outstanding payment of customs charges. Process the payment immediately or the parcel will be returned to the sender.

Click here to release your package.

Shipping Department

http://bit.ly/example-not-real",http://bit.ly/example-not-real http://198.51.100.144/password/reset,,PHISHING
EML00553,sales@vendor-desk.invalid.test,vendor-desk.invalid.test,Banking provider change,"Dear Karan,

Our company is migrating its banking provider next quarter. No action is required from you - we will send the formal notification on company letterhead through our account manager, and will confirm it by phone.

Finance Department",,,LEGITIMATE
EML00554,finance@partner-services.invalid.test,partner-services.invalid.test,Quarterly review document,"Hi Lakshmi,

I have shared the quarterly review document with you. It is in an external folder this time. Please review it and confirm receipt.

Thanks",,invoice_5458.pdf,PHISHING
EML00555,registrar@university.example.org,university.example.org,Security settings updated,"Hi Lakshmi,

Two-factor authentication was enabled on your account today. This message is a confirmation only.

If this was not you, sign in directly through the official app and review your security settings.

Account Security

More information: https://hr.example.org/policies/3153",https://hr.example.org/policies/3153 https://bank.example.net/statements/6581,,LEGITIMATE
EML00556,security-alert@account.update.billing.invalid.test,account.update.billing.invalid.test,Your shipment could not be delivered - urgent,"Dear Valued Customer,

Your shipment could not be delivered. Open the attached delivery label and confirm your address details today to arrange redelivery.

Logistics Support

https://www.example.org@203.0.113.77/account",https://www.example.org@203.0.113.77/account http://192.0.2.11/billing/payment,setup_patch.ps1,PHISHING
EML00557,projects@example.com,example.com,Status report - March,"Dear Facilities team,

Attached is the monthly status report for March. Overall progress is on track, with one dependency pending from the vendor. Details and the updated plan are in the document.

Regards,
Lakshmi",,photos.zip,LEGITIMATE
EML00558,security-notifications@accounts.example.com,accounts.example.com,Monthly statement for account ending 9482,"Dear Tara,

Your monthly statement for the account ending 9482 is now available. You can view it by signing in to the banking app or by typing our website address into your browser yourself.

We never send statements as attachments and we never ask for your PIN or one-time password.

Customer Care

More information: https://example.org/library/catalogue/2928",https://example.org/library/catalogue/2928,statement_8292.pdf,LEGITIMATE
EML00559,academics@example.org,example.org,Library team - annual appraisal window opens,"Hi Arjun,

The annual appraisal window for the Library team opens next week and closes at the end of January. Please complete your self-assessment on the HR portal when you have time. Your manager will schedule the review discussion afterwards.

People Operations

More information: https://www.example.org/notices/4812",https://www.example.org/notices/4812 https://example.com/docs/5219,minutes.docx,LEGITIMATE
EML00560,accounts@supplier-portal.invalid.test,supplier-portal.invalid.test,Invoice 2604 - remittance details,"Dear Manav,

Please find invoice 2604 attached for last month's services. Our bank details are unchanged from previous invoices. Payment is due within thirty days.

Regards,
Accounts Receivable",,,LEGITIMATE
EML00561,operations@contracts.example.org,contracts.example.org,Invoice 5308 - remittance details,"Dear Karan,

Please find invoice 5308 attached for last month's services. Our bank details have been updated this quarter. Kindly use the new beneficiary account for payment.

Regards,
Accounts Receivable",,invoice_4924.pdf,PHISHING
EML00562,accounts@partner-services.invalid.test,partner-services.invalid.test,Banking provider change,"Dear Rohan,

Our company is migrating its banking provider next quarter. No action is required from you - we will send the formal notification on company letterhead through our account manager, and will confirm it by phone.

Finance Department",,schedule.pdf,LEGITIMATE
EML00563,billing@example.net,example.net,Statement of account - May,"Dear Neha,

Please find the statement of account for May. Do let us know if anything does not reconcile with your records.

Regards,
Finance",,invoice_1916.pdf,LEGITIMATE
EML00564,sales@supplier-portal.invalid.test,supplier-portal.invalid.test,Following up on our conversation,"Hi Anita,

Following up on our conversation last week. I have shared the revised proposal with the finance team and they will route the payment to the new account we discussed.

Let me know if you need anything else.

Best regards",,,PHISHING
EML00565,procurement@example.com,example.com,Payment reminder - invoice 2291,"Dear Tara,

This is a reminder that payment for invoice 2291 is due next week. Please let us know if you need anything from our side.

Regards,
Accounts",,,LEGITIMATE
EML00566,statements@bank.example.net,bank.example.net,Security settings updated,"Hi Rahul,

Two-factor authentication was enabled on your account today. This message is a confirmation only.

If this was not you, sign in directly through the official app and review your security settings.

Account Security

More information: https://example.org/library/catalogue/8138",https://example.org/library/catalogue/8138,,LEGITIMATE
EML00567,admin-support@billing-support-desk.invalid.test,billing-support-desk.invalid.test,Your password expires today - immediate action required,"Dear Sir/Madam,

Your password expires today. If you do not reset your password within 24 hours your access will be revoked and your account will be locked.

Use the link below to verify your password and keep your account active.

IT Support",,account_statement.pdf.scr,PHISHING
EML00568,academics@example.org,example.org,Status report - August,"Dear Research team,

Attached is the monthly status report for August. Overall progress is on track, with one dependency pending from the vendor. Details and the updated plan are in the document.

Regards,
Tara",,invoice_6631.pdf,LEGITIMATE
EML00569,contracts@example.com,example.com,Following up on our conversation,"Hi Manav,

Following up on our conversation last week. I have shared the revised proposal with the finance team and they will route the payment to the new account we discussed.

Let me know if you need anything else.

Best regards",,schedule.pdf,PHISHING
EML00570,security-alert@billing-support-desk.invalid.test,billing-support-desk.invalid.test,Your password expires today - immediate action required,"Dear User,

Your password expires today. If you do not reset your password within 24 hours your access will be revoked and your account will be locked.

Use the link below to verify your password and keep your account active.

IT Support

https://www.example.org@203.0.113.73/account",https://www.example.org@203.0.113.73/account,payment_details.docm,PHISHING
EML00571,delivery-notice@id-check.secure-mail.invalid.test,id-check.secure-mail.invalid.test,Your mailbox will be deactivated - verify now,"Dear Account Holder,

Your mailbox has exceeded its storage quota and will be deactivated today. Verify your account immediately to keep receiving messages.

Click the link below and sign in here to restore your mailbox.

Webmail Support

http://tinyurl.com/example-not-real",http://tinyurl.com/example-not-real http://198.51.100.7/password/reset,update.bat,PHISHING
EML00572,orders@shop.example.net,shop.example.net,Reminder: Engineering weekly sync on Thursday,"Hi all,

A reminder that our weekly Engineering sync is on Thursday at 10:30 AM in Seminar Hall 2. The agenda is attached. If you cannot attend, send your updates beforehand and we will cover them.

Thanks,
Riya

More information: https://news.example.org/issue/4972",https://news.example.org/issue/4972,,LEGITIMATE
EML00573,orders@shop.example.net,shop.example.net,Updated leave policy effective September,"Dear Tara,

The leave policy has been updated effective September. The main change is that carried-forward leave may now be used until the end of the financial year. The full policy document is attached and is also on the HR portal.

HR Team

More information: https://www.example.org/notices/6620",https://www.example.org/notices/6620,receipt.pdf,LEGITIMATE
EML00574,account-verify@corp-exec-office.invalid.test,corp-exec-office.invalid.test,Password Expiry Notice - Act Now,"Dear Valued Customer,

Our records show that your login credentials have expired. Confirm your username and password IMMEDIATELY using the secure portal below to avoid losing access to company resources.

Helpdesk

http://198.51.100.228/password/reset",http://198.51.100.228/password/reset https://login.secure.account.mail-account-update.invalid.test/verify,verify_form.html,PHISHING
EML00575,notices@notices.example.org,notices.example.org,Semester examination timetable published,"Dear Students,

The examination timetable for the current semester has been published on the student portal. Please check your subject codes and report to the examination hall fifteen minutes before each paper.

Examination Section",,invoice_7363.pdf,LEGITIMATE
EML00576,calendar@example.com,example.com,Your password was changed successfully,"Hello Priya,

This message confirms that the password for your account was changed successfully on Monday. No further action is needed.

If you did not make this change, open the account settings page yourself from your browser or app and review your active sessions. We will never ask you to send us your password.

Account Security

More information: https://example.org/library/catalogue/5151",https://example.org/library/catalogue/5151,report_q3.xlsx,LEGITIMATE
EML00577,accounts@contracts.example.org,contracts.example.org,Payment reminder - invoice 8359,"Dear Karan,

This is a reminder that payment for invoice 8359 is due next week. Please let us know if you need anything from our side.

Regards,
Accounts",,,LEGITIMATE
EML00578,statements@bank.example.net,bank.example.net,Monthly statement for account ending 1862,"Dear Vikram,

Your monthly statement for the account ending 1862 is now available. You can view it by signing in to the banking app or by typing our website address into your browser yourself.

We never send statements as attachments and we never ask for your PIN or one-time password.

Customer Care

More information: https://example.com/docs/5079",https://example.com/docs/5079,newsletter.pdf,LEGITIMATE
EML00579,helpdesk-support@exarnple-support.invalid.test,exarnple-support.invalid.test,Winner announcement - claim your prize now,"Dear Valued Customer,

You are a winner in this month's lucky draw! Act NOW - this limited time offer expires in 12 hours.

Click here to claim your prize and provide your identity documents for verification.

Lucky Draw Committee

http://203.0.113.247/claim-your-prize",http://203.0.113.247/claim-your-prize http://192.0.2.215/billing/payment,secure_document.zip,PHISHING
EML00580,finance@partner-services.invalid.test,partner-services.invalid.test,Are you available?,"Hi Sneha,

Are you at your desk? I wanted to check the status of the vendor list before this afternoon's review.

Thanks",,schedule.pdf,LEGITIMATE
EML00581,delivery-notice@account.update.billing.invalid.test,account.update.billing.invalid.test,URGENT: Update your employee record today,"Dear Member,

Your employee record is incomplete. Update your personal information and verify your account IMMEDIATELY, or payroll processing for this month will be suspended.

Click here to complete the form.

Human Resources

http://198.51.100.11/verify-account",http://198.51.100.11/verify-account http://198.51.100.88/verify-account,secure_document.zip,PHISHING
EML00582,meetings@mail.example.com,mail.example.com,Library: Data Structures reference books now available,"Hello Arjun,

The reference books you requested for Data Structures are now available at the circulation desk. They can be borrowed for fourteen days using your student card.

Library Services

More information: https://accounts.example.com/settings/security",https://accounts.example.com/settings/security https://example.com/docs/6342,photos.zip,LEGITIMATE
EML00583,security-notifications@accounts.example.com,accounts.example.com,Library: Operating Systems reference books now available,"Hello Karan,

The reference books you requested for Operating Systems are now available at the circulation desk. They can be borrowed for fourteen days using your student card.

Library Services",,newsletter.pdf,LEGITIMATE
EML00584,contracts@vendor-desk.invalid.test,vendor-desk.invalid.test,Updated contact details,"Hello Sameer,

Please update our contact details in your records. The main line and the address are on the attached sheet.

Thank you,
Administration",,,PHISHING
EML00585,delivery-notice@parcel-track-delivery.invalid.test,parcel-track-delivery.invalid.test,Action Required: Confirm your account details now,"Dear Customer,

Our security system has flagged your account. To avoid suspension you must confirm your account and re-enter your password using the secure link below.

This is your final notice. Act now to keep your access.

Verification Department

http://parcel-track-delivery.invalid.test/redelivery/pay?ref=4396",http://parcel-track-delivery.invalid.test/redelivery/pay?ref=4396,receipt_7793.pdf.vbs,PHISHING
EML00586,payroll@hr.example.org,hr.example.org,Transaction alert: card payment recorded,"Dear Customer,

A card payment was recorded on your account today. If you recognise this transaction, no action is needed.

If you do not, call the number printed on the back of your card. Do not call numbers sent to you in a message.

Customer Care

More information: https://bank.example.net/statements/467",https://bank.example.net/statements/467,,LEGITIMATE
EML00587,finance@contracts.example.org,contracts.example.org,Banking provider change,"Dear Omar,

Our company has changed its banking provider. All future remittances should be directed to the new account shown on the attached letterhead. Existing invoices remain unchanged.

Thank you for your cooperation.

Finance Department",,,PHISHING
EML00588,account-verify@account.update.billing.invalid.test,account.update.billing.invalid.test,Payment failed - urgent action required for invoice 1381,"Dear Valued Customer,

Your recent payment of 980 failed. To avoid service interruption, update your payment method immediately by clicking the link below and confirming your card details.

Billing Team

http://verify.account.billing-support-desk.invalid.test/confirm

ACT NOW!!!",http://verify.account.billing-support-desk.invalid.test/confirm http://203.0.113.31/secure/login http://tinyurl.com/example-not-real,invoice_3992.pdf.exe,PHISHING
EML00589,billing@example.net,example.net,Purchase order 2650 acknowledgement,"Hello Tara,

We acknowledge receipt of purchase order 2650. Delivery is scheduled as agreed. Please note our accounts team has moved to a new beneficiary account for this contract.

Kind regards,
Sales Support",,,PHISHING
EML00590,it-support@exarnple-support.invalid.test,exarnple-support.invalid.test,Your mailbox will be deactivated - verify now,"Dear Account Holder,

Your mailbox has exceeded its storage quota and will be deactivated today. Verify your account immediately to keep receiving messages.

Click the link below and sign in here to restore your mailbox.

Webmail Support

http://198.51.100.85/password/reset",http://198.51.100.85/password/reset,verify_form.html,PHISHING
EML00591,verification@password-expiry-notice.invalid.test,password-expiry-notice.invalid.test,Are you available? Urgent request,"Hello,

Are you at your desk? I need a payment released IMMEDIATELY to the updated bank details below. It is time sensitive and must not be discussed with anyone else yet.

Regards,
Managing Director

http://192.0.2.142/hr/salary-revision",http://192.0.2.142/hr/salary-revision http://bit.ly/example-not-real https://www.example.org@203.0.113.80/account,receipt_5259.pdf.vbs,PHISHING
EML00592,people-ops@hr.example.org,hr.example.org,Code review requested for pull request #491,"Hello,

I have opened pull request #491 with the changes we discussed. It touches the parser and adds tests. Could you review it when convenient? There is no rush - it is not blocking anything.

Thanks,
Anita

More information: https://example.org/library/catalogue/5247",https://example.org/library/catalogue/5247,,LEGITIMATE
EML00593,billing@partner-services.invalid.test,partner-services.invalid.test,Following up on our conversation,"Hi Pooja,

Following up on our conversation last week. I have shared the revised proposal with the finance team and they will route the payment to the new account we discussed.

Let me know if you need anything else.

Best regards",,,PHISHING
EML00594,projects@example.com,example.com,Security alert: new device signed in to your account,"Hello Isha,

A new device signed in to your account. If this was you, no action is needed.

If it was not you, open the account settings page directly from your browser and sign out all sessions. We will never ask for your password.

Account Security",,timetable.pdf,LEGITIMATE
EML00595,support@shop.example.net,shop.example.net,Your password was changed successfully,"Hello Neha,

This message confirms that the password for your account was changed successfully on Friday. No further action is needed.

If you did not make this change, open the account settings page yourself from your browser or app and review your active sessions. We will never ask you to send us your password.

Account Security",,invoice_4385.pdf,LEGITIMATE
EML00596,customer-care@bank.example.net,bank.example.net,Service notice: scheduled maintenance,"Dear Customer,

Online banking will be unavailable for scheduled maintenance on Wednesday between 1:00 AM and 4:00 AM. No action is required and no information is needed from you.

Customer Care

More information: https://portal.example.com/projects/4155",https://portal.example.com/projects/4155 https://news.example.org/issue/628,report_q3.xlsx,LEGITIMATE
EML00597,no-reply@accounts.example.com,accounts.example.com,Code review requested for pull request #37,"Hello,

I have opened pull request #37 with the changes we discussed. It touches the parser and adds tests. Could you review it when convenient? There is no rush - it is not blocking anything.

Thanks,
Tara

More information: https://portal.example.com/projects/4398",https://portal.example.com/projects/4398 https://example.org/library/catalogue/8746,syllabus.pdf,LEGITIMATE
EML00598,sales@supplier-portal.invalid.test,supplier-portal.invalid.test,Purchase order 4739 acknowledgement,"Hello Isha,

We acknowledge receipt of purchase order 4739. Delivery is scheduled as agreed. Please note our accounts team has moved to a new beneficiary account for this contract.

Kind regards,
Sales Support",,,PHISHING
EML00599,verification@secure-login-verify.invalid.test,secure-login-verify.invalid.test,Your password expires today - immediate action required,"Dear Customer,

Your password expires today. If you do not reset your password within 24 hours your access will be revoked and your account will be locked.

Use the link below to verify your password and keep your account active.

IT Support

http://198.51.100.136/password/reset",http://198.51.100.136/password/reset http://192.0.2.30/billing/payment,receipt_1612.pdf.vbs,PHISHING
EML00600,admin@vendor-desk.invalid.test,vendor-desk.invalid.test,Re: contract renewal,"Hello Kabir,

Thanks for the update. The renewal looks fine from our side. Payment will follow the schedule in the existing agreement.

Regards",,remittance_letter.pdf,LEGITIMATE
